name,sequence,exon,strand,cut_position
BRCA2_CDS_1,TCGTAGGTAAAAATGCCTAT,2,+,5
BRCA2_CDS_2,GGCCTCTCTTTGGATCCAAT,2,-,9
BRCA2_CDS_3,TGCCTATTGGATCCAAAGAG,2,+,18
BRCA2_CDS_4,AAAAAATGTTGGCCTCTCTT,2,-,19
BRCA2_CDS_5,TTAAAAATTTCAAAAAATGT,2,-,30
BRCA2_CDS_6,AAGACACGCTGCAACAAAGC,2,+,62
BRCA2_CDS_7,TTTTTTTTTTAAATAGATTT,3,+,68
BRCA2_CDS_8,TCAAACCAATTAAGACTTAT,3,-,81
BRCA2_CDS_9,TAGGACCAATAAGTCTTAAT,3,+,87
BRCA2_CDS_10,GCAGGTTCAGAATTATAGGG,3,-,123
BRCA2_CDS_11,TCTGCAGGTTCAGAATTATA,3,-,126
BRCA2_CDS_12,TTCTGCAGGTTCAGAATTAT,3,-,127
BRCA2_CDS_13,TTATGTTCAGATTCTTCTGC,3,-,141
BRCA2_CDS_14,TGTGGAGTTTTAAATAGGTT,3,-,180
BRCA2_CDS_15,TCCTTTGTGGAGTTTTAAAT,3,-,185
BRCA2_CDS_16,ACCTATTTAAAACTCCACAA,3,+,195
BRCA2_CDS_17,TTATAAGATGGTTTCCTTTG,3,-,198
BRCA2_CDS_18,GAAGCCAGCTGATTATAAGA,3,-,210
BRCA2_CDS_19,GAAACCATCTTATAATCAGC,3,+,217
BRCA2_CDS_20,CCTTGCTCTTTGAATATTAT,3,-,237
BRCA2_CDS_21,CCAATAATATTCAAAGAGCA,3,+,248
BRCA2_CDS_22,CAATAATATTCAAAGAGCAA,3,+,249
BRCA2_CDS_23,TTTACAGGAGATTGGTACAG,3,-,270
BRCA2_CDS_24,CTAATTCTTTTACAGGAGAT,3,-,278
BRCA2_CDS_25,AATTTATCTAATTCTTTTAC,3,-,285
BRCA2_CDS_26,GATAAATTCAAATTAGACTT,3,+,311
BRCA2_CDS_27,CTGAATTATTGTACTGTTTC,4,+,318
BRCA2_CDS_28,ATTATTGTACTGTTTCAGGA,4,+,318
BRCA2_CDS_29,AGACTTTTATGTCTACTATT,4,-,333
BRCA2_CDS_30,AAGACTTTTATGTCTACTAT,4,-,334
BRCA2_CDS_31,TCGCACAGTGAAAACTAAAA,4,+,367
BRCA2_CDS_32,ACAAGAATTTAGAAGTGGAC,4,-,397
BRCA2_CDS_33,CTAAGACAAGAATTTAGAAG,4,-,402
BRCA2_CDS_34,TAAATTCTTGTCTTAGTGAA,4,+,420
BRCA2_CDS_35,TGTGTACATTGTAGAACAAC,5,-,432
BRCA2_CDS_36,ATACCTGACTTATCTCTTTG,5,-,462
BRCA2_CDS_37,ACACCACAAAGAGATAAGTC,5,+,470
BRCA2_CDS_38,TCCCCTTTTTTTACCCCCAG,6,+,476
BRCA2_CDS_39,AAACTCCCACATACCACTGG,6,-,476
BRCA2_CDS_40,CAAACTCCCACATACCACTG,6,-,475
BRCA2_CDS_41,ACAAACTCCCACATACCACT,6,-,476
BRCA2_CDS_42,AACAAACTCCCACATACCAC,6,-,477
BRCA2_CDS_43,TTTTTACCCCCAGTGGTATG,6,+,479
BRCA2_CDS_44,TTTTACCCCCAGTGGTATGT,6,+,480
BRCA2_CDS_45,ATATTTACCTTCACAAACTT,6,-,507
BRCA2_CDS_46,TCATACACCAAAGTTTGTGA,6,+,511
BRCA2_CDS_47,AAACTATTTTCTTTCCTCCC,7,+,518
BRCA2_CDS_48,AACTATTTTCTTTCCTCCCA,7,+,518
BRCA2_CDS_49,TGGTGTCTGACGACCCTGGG,7,-,518
BRCA2_CDS_50,TTTTGGTGTCTGACGACCCT,7,-,517
BRCA2_CDS_51,GTTTTGGTGTCTGACGACCC,7,-,518
BRCA2_CDS_52,AGACTTTCAGAAATATGTTT,7,-,534
BRCA2_CDS_53,AAACATATTTCTGAAAGTCT,7,+,548
BRCA2_CDS_54,TTCTGAAAGTCTAGGAGCTG,7,+,556
BRCA2_CDS_55,TGAAAGTCTAGGAGCTGAGG,7,+,559
BRCA2_CDS_56,GAACTTGACCAAGACATATC,7,-,573
BRCA2_CDS_57,AGGTGGATCCTGATATGTCT,7,+,576
BRCA2_CDS_58,ACAGTAGAACTAAGGGTGGG,7,-,606
BRCA2_CDS_59,AGCACAGTAGAACTAAGGGT,7,-,609
BRCA2_CDS_60,GAGCACAGTAGAACTAAGGG,7,-,610
BRCA2_CDS_61,TATGAGCACAGTAGAACTAA,7,-,613
BRCA2_CDS_62,CTATGAGCACAGTAGAACTA,7,-,614
BRCA2_CDS_63,CTTAGTTCTACTGTGCTCAT,7,+,626
BRCA2_CDS_64,CTTACAGCAGTAGTATCATG,8,-,669
BRCA2_CDS_65,CTTCAGACTTTCATCATGAT,9,-,706
BRCA2_CDS_66,CAAAGAGAAGCTGCAAGTCA,9,+,788
BRCA2_CDS_67,CTTCTGTTTTATACTTTAAC,10,+,795
BRCA2_CDS_68,TTTTATACTTTAACAGGATT,10,+,795
BRCA2_CDS_69,ACAGGATTTGGAAAAACATC,10,+,806
BRCA2_CDS_70,CAGGATTTGGAAAAACATCA,10,+,807
BRCA2_CDS_71,AATAGCTGCAAAGACCACAT,10,+,845
BRCA2_CDS_72,TTGGCATTGACTTTCCAATG,10,,
BRCA2_CDS_73,ACTTCATCTTCTAGGACATT,10,,
BRCA2_CDS_74,TTTCATATACTTCATCTTCT,10,-,875
BRCA2_CDS_75,TGAAAAACTATCTTCTTCAG,10,-,910
BRCA2_CDS_76,AAGTAAGAACTAGCAAGACT,10,+,981
BRCA2_CDS_77,ATTCATCAGCGTTTGCTTCA,10,-,1004
BRCA2_CDS_78,ATGAGTATTTTTCTTTCACT,10,-,1043
BRCA2_CDS_79,ATACTCATTTGTATCTGAAG,10,+,1069
BRCA2_CDS_80,TCTAATGGATCAGTATCATT,10,-,1083
BRCA2_CDS_81,TTTGCTACATTTGAATCTAA,10,-,1098
BRCA2_CDS_82,TTGTCACTTCCACTCTCAAA,10,-,1128
BRCA2_CDS_83,TTTGTCACTTCCACTCTCAA,10,-,1129
BRCA2_CDS_84,AATCAGAAGCCCTTTGAGAG,10,+,1130
BRCA2_CDS_85,TGGAAGTGACAAAATCTCCA,10,+,1150
BRCA2_CDS_86,CAAAGACGGTACAACTTCCT,10,-,1156
BRCA2_CDS_87,CAAGGAAGTTGTACCGTCTT,10,+,1168
BRCA2_CDS_88,GACCATTCACAGGCCAAAGA,10,-,1170
BRCA2_CDS_89,TACCGTCTTTGGCCTGTGAA,10,+,1179
BRCA2_CDS_90,GGTTAGTTGAGACCATTCAC,10,-,1180
BRCA2_CDS_91,TGGTCTCAACTAACCCTTTC,10,+,1199
BRCA2_CDS_92,GGCTCCATTTAGACCTGAAA,10,-,1201
BRCA2_CDS_93,GGGCTCCATTTAGACCTGAA,10,-,1202
BRCA2_CDS_94,CTAACCCTTTCAGGTCTAAA,10,+,1208
BRCA2_CDS_95,AGGTCTAAATGGAGCCCAGA,10,+,1219
BRCA2_CDS_96,TAGGGGTATTTTCTCCATCT,10,-,1222
BRCA2_CDS_97,ATAGGGGTATTTTCTCCATC,10,-,1223
BRCA2_CDS_98,CATGAAGAAATATGCAATAG,10,-,1239
BRCA2_CDS_99,ACATGAAGAAATATGCAATA,10,-,1240
BRCA2_CDS_100,CACATGAAGAAATATGCAAT,10,-,1241
BRCA2_CDS_101,GGTCTTTTTCTGAAATATTT,10,-,1265
BRCA2_CDS_102,TTTTGTTCTCTGTGTCTAAT,10,-,1286
BRCA2_CDS_103,TTTGGTAGGCTAGAAATACG,10,-,1344
BRCA2_CDS_104,ATGGCTTCTCTGATTTTGGT,10,-,1358
BRCA2_CDS_105,TTTAATGGCTTCTCTGATTT,10,-,1362
BRCA2_CDS_106,ACCACTGTTTCCTCATTTAA,10,-,1377
BRCA2_CDS_107,ATCAGAGAAGCCATTAAATG,10,+,1378
BRCA2_CDS_108,GCCATTAAATGAGGAAACAG,10,+,1387
BRCA2_CDS_109,CTGCATTCTTGCAGTAAAGC,10,+,1453
BRCA2_CDS_110,GCAGTAAAGCAGGCAATATC,10,+,1463
BRCA2_CDS_111,AATATCTGGAACTTCTCCAG,10,+,1477
BRCA2_CDS_112,CCCTGAAATGAAGAAGCCAC,10,-,1482
BRCA2_CDS_113,TCCAGTGGCTTCTTCATTTC,10,+,1492
BRCA2_CDS_114,CCAGTGGCTTCTTCATTTCA,10,+,1493
BRCA2_CDS_115,CTTGCATTGAAAGTCTCTTT,10,-,1539
BRCA2_CDS_116,ACTTTCAATGCAAGTTTTTC,10,+,1559
BRCA2_CDS_117,TCAGTTTCTTTTTTAAAGTT,10,-,1584
BRCA2_CDS_118,TATTTCCAGTCCACTTTCAG,10,-,1609
BRCA2_CDS_119,GAAACTGAAGCCTCTGAAAG,10,+,1610
BRCA2_CDS_120,TGAAGCCTCTGAAAGTGGAC,10,+,1615
BRCA2_CDS_121,ACATACTGTTTGCTCACAGA,10,+,1642
BRCA2_CDS_122,TACTGTTTGCTCACAGAAGG,10,+,1645
BRCA2_CDS_123,ATCAATTAAATTTGGACATA,10,-,1660
BRCA2_CDS_124,CTTCCATTATCAATTAAATT,10,-,1668
BRCA2_CDS_125,TGTCCAAATTTAATTGATAA,10,+,1676
BRCA2_CDS_126,ATTTAATTGATAATGGAAGC,10,+,1683
BRCA2_CDS_127,GAATTCTGTGTGGTGGTGGC,10,-,1695
BRCA2_CDS_128,TACAGAATTCTGTGTGGTGG,10,-,1699
BRCA2_CDS_129,AGCTACAGAATTCTGTGTGG,10,-,1702
BRCA2_CDS_130,CAAAGCTACAGAATTCTGTG,10,-,1705
BRCA2_CDS_131,TCTGTAGCTTTGAAGAATGC,10,+,1727
BRCA2_CDS_132,ATTTGTTTTCTTTTTCAAAG,10,-,1747
BRCA2_CDS_133,CATGATGAAACATCTTATAA,10,+,1799
BRCA2_CDS_134,AGTTCTGATTTTTGGTCTTT,10,-,1821
BRCA2_CDS_135,AGTTAATTAGTTCTGATTTT,10,-,1829
BRCA2_CDS_136,AAAAGCATTTGCTTCAAACT,10,-,1858
BRCA2_CDS_137,CAAAAGCATTTGCTTCAAAC,10,-,1859
BRCA2_CDS_138,TCAGCATTTGCAAATGTAAG,10,-,1887
BRCA2_CDS_139,ACATTTGCAAATGCTGATTC,10,+,1904
BRCA2_CDS_140,CACTTTGTGTTTTTATGTTT,11,+,1912
BRCA2_CDS_141,GAGCTAGTTAAGGACAAAGT,11,-,1968
BRCA2_CDS_142,TGTCCCAAAAGAGCTAGTTA,11,-,1978
BRCA2_CDS_143,TTGTCCTTAACTAGCTCTTT,11,+,1985
BRCA2_CDS_144,TGTCCTTAACTAGCTCTTTT,11,+,1986
BRCA2_CDS_145,GCTCTTTTGGGACAATTCTG,11,+,1998
BRCA2_CDS_146,TAATAATACAGTAATCTCTC,11,+,2047
BRCA2_CDS_147,TAAAGAAGCAAAATGTAATA,11,+,2080
BRCA2_CDS_148,TGACAGAGAATCAGCTTCTG,11,-,2113
BRCA2_CDS_149,ATGACAGAGAATCAGCTTCT,11,-,2114
BRCA2_CDS_150,CATGACAGAGAATCAGCTTC,11,-,2115
BRCA2_CDS_151,TGATTCTCTGTCATGCCTGC,11,+,2134
BRCA2_CDS_152,TCTCTGTCATGCCTGCAGGA,11,+,2138
BRCA2_CDS_153,TTTCACACTGTCCTTCCTGC,11,-,2138
BRCA2_CDS_154,TCTGAAACTTTTTTGCTTTT,11,-,2166
BRCA2_CDS_155,AGTTTCAGATATAAAAGAAG,11,+,2191
BRCA2_CDS_156,AGATATAAAAGAAGAGGTCT,11,+,2197
BRCA2_CDS_157,CCACTTTTGAATGTTGTACT,11,-,2222
BRCA2_CDS_158,TCCACTTTTGAATGTTGTAC,11,-,2223
BRCA2_CDS_159,CCCAGTACAACATTCAAAAG,11,+,2233
BRCA2_CDS_160,ATCATATAAAAGACTTTTCT,11,-,2269
BRCA2_CDS_161,GATCATATAAAAGACTTTTC,11,-,2270
BRCA2_CDS_162,AGGAGTTAAAATAAGAGTGC,11,-,2302
BRCA2_CDS_163,GACAGAACATCCTTGGAAGT,11,-,2322
BRCA2_CDS_164,TATTTTAACTCCTACTTCCA,11,+,2323
BRCA2_CDS_165,TAGGTTTGACAGAACATCCT,11,-,2329
BRCA2_CDS_166,TGCCTCTAGAAATCATGACT,11,-,2348
BRCA2_CDS_167,AACCTAGTCATGATTTCTAG,11,+,2357
BRCA2_CDS_168,AAAATGTCAGACAAGCTCAA,11,+,2393
BRCA2_CDS_169,CTTTTCCATGGGAATATTTT,11,-,2434
BRCA2_CDS_170,ATTAACCAAAAATATTCCCA,11,+,2440
BRCA2_CDS_171,ACATCTTGATTCTTTTCCAT,11,-,2445
BRCA2_CDS_172,TACATCTTGATTCTTTTCCA,11,-,2446
BRCA2_CDS_173,ACTCTCATGTATTTTTCAGG,11,-,2508
BRCA2_CDS_174,GCTACTCTCATGTATTTTTC,11,-,2511
BRCA2_CDS_175,TTGAATTGTACCTTTCTTGA,11,-,2538
BRCA2_CDS_176,AGTAGCATCACCTTCAAGAA,11,+,2539
BRCA2_CDS_177,TTACTCTTAGATTTGTGTTT,11,-,2561
BRCA2_CDS_178,TAGTTTCTTCTTGATTTTTT,11,-,2585
BRCA2_CDS_179,GAGAAAAGTTCTTCAGAGTC,11,-,2634
BRCA2_CDS_180,TATTCCTTTCATTAGCTACT,11,-,2681
BRCA2_CDS_181,TCTTCCAAGTAGCTAATGAA,11,+,2688
BRCA2_CDS_182,GAAAGGAATAATCTTGCTTT,11,+,2705
BRCA2_CDS_183,TCTTGCTTTAGGAAATACTA,11,+,2716
BRCA2_CDS_184,ATGGTAGAGTTCTTGAAAAT,11,-,2763
BRCA2_CDS_185,CATGGTAGAGTTCTTGAAAA,11,-,2764
BRCA2_CDS_186,CATTTTCAAGAACTCTACCA,11,+,2776
BRCA2_CDS_187,TGTGTCTCCATATAAAACCA,11,-,2782
BRCA2_CDS_188,AACTCTACCATGGTTTTATA,11,+,2786
BRCA2_CDS_189,ATGGTTTTATATGGAGACAC,11,+,2795
BRCA2_CDS_190,ATCTTTTTTAATTGACACTT,11,-,2821
BRCA2_CDS_191,AATCTTTTTTAATTGACACT,11,-,2822
BRCA2_CDS_192,AGTGTCAATTAAAAAAGATT,11,+,2836
BRCA2_CDS_193,TTTGGTTTATGTTCTTGCAG,11,+,2854
BRCA2_CDS_194,CAGCATATAAAAATGACTCT,11,+,2897
BRCA2_CDS_195,TCTAGGTCAAGATTTAAAAT,11,+,2914
BRCA2_CDS_196,TGGTATTTTATCTATATTCA,11,-,2932
BRCA2_CDS_197,ATGTAATCATTATTTTTTTC,11,-,2952
BRCA2_CDS_198,ATAATGATTACATGAACAAA,11,+,2973
BRCA2_CDS_199,TAATGATTACATGAACAAAT,11,+,2974
BRCA2_CDS_200,GATTACATGAACAAATGGGC,11,+,2978
BRCA2_CDS_201,AACAAATGGGCAGGACTCTT,11,+,2987
BRCA2_CDS_202,CCAAAACTGTGATTTGAAAT,11,-,3000
BRCA2_CDS_203,CCAATTTCAAATCACAGTTT,11,+,3011
BRCA2_CDS_204,ATTTCAAATCACAGTTTTGG,11,+,3014
BRCA2_CDS_205,CTTCAGAACAGCTTCAAATA,11,+,3040
BRCA2_CDS_206,TCAACACAAGCTAAACTAGT,11,-,3120
BRCA2_CDS_207,TGTTGAAATTGTAAATACCT,11,+,3148
BRCA2_CDS_208,CTTTTGATTATCTAATGCCA,11,-,3154
BRCA2_CDS_209,GATACAGTATTAATTGACTG,11,-,3189
BRCA2_CDS_210,CTTGGAAAATAACATCTGAG,11,-,3265
BRCA2_CDS_211,GCTTGGAAAATAACATCTGA,11,-,3266
BRCA2_CDS_212,TGCTTGGAAAATAACATCTG,11,-,3267
BRCA2_CDS_213,TCAGATGTTATTTTCCAAGC,11,+,3280
BRCA2_CDS_214,GTTTGAATTAAAATCCTGCT,11,-,3283
BRCA2_CDS_215,TTTGGCTAGGTGTTAAATTA,11,-,3305
BRCA2_CDS_216,GTAATTTCTGCCTTTTGGCT,11,-,3318
BRCA2_CDS_217,TAATTTAACACCTAGCCAAA,11,+,3319
BRCA2_CDS_218,GTTCTGTAATTTCTGCCTTT,11,-,3323
BRCA2_CDS_219,TCTACTATATTAGAAGAATC,11,+,3359
BRCA2_CDS_220,CTCTTCTGCAATATGTAGCT,11,-,3402
BRCA2_CDS_221,AAGATAGTCATCTGGTTTTC,11,-,3438
BRCA2_CDS_222,TGGTCTTTAAGATAGTCATC,11,-,3446
BRCA2_CDS_223,TATCTTAAAGACCACTTCTG,11,+,3466
BRCA2_CDS_224,ATCTCTGCATTCCTCAGAAG,11,-,3466
BRCA2_CDS_225,GTCTACCTGACCAATCGATG,11,-,3514
BRCA2_CDS_226,ATAATGAATGCCCCATCGAT,11,+,3515
BRCA2_CDS_227,TGTCTACCTGACCAATCGAT,11,-,3515
BRCA2_CDS_228,CTGTCTACCTGACCAATCGA,11,-,3516
BRCA2_CDS_229,GAATGCCCCATCGATTGGTC,11,+,3520
BRCA2_CDS_230,GACAGCAGCAAGCAATTTGA,11,+,3545
BRCA2_CDS_231,AAGGTACAGTTGAAATTAAA,11,+,3564
BRCA2_CDS_232,GAAATTAAACGGAAGTTTGC,11,+,3575
BRCA2_CDS_233,TGTTACAGTCATTTTTCAAC,11,-,3587
BRCA2_CDS_234,GACTGTAACAAAAGTGCTTC,11,+,3611
BRCA2_CDS_235,TTTAACAGATGAAAATGAAG,11,+,3637
BRCA2_CDS_236,TTAACAGATGAAAATGAAGT,11,+,3638
BRCA2_CDS_237,TAACAGATGAAAATGAAGTG,11,+,3639
BRCA2_CDS_238,ATGAAAATGAAGTGGGGTTT,11,+,3645
BRCA2_CDS_239,TGAAAATGAAGTGGGGTTTA,11,+,3646
BRCA2_CDS_240,GAAAATGAAGTGGGGTTTAG,11,+,3647
BRCA2_CDS_241,AGGGGCTTTTATTCTGCTCA,11,+,3665
BRCA2_CDS_242,TGATATTGAGAATATTAGTG,11,+,3742
BRCA2_CDS_243,TAGTGAGGAAACTTCTGCAG,11,+,3757
BRCA2_CDS_244,TTACTTGAAGATAAACTTAT,11,-,3774
BRCA2_CDS_245,TATTATTTTGTAATATCAGT,11,-,3875
BRCA2_CDS_246,AATAATATTGAAATGACTAC,11,+,3902
BRCA2_CDS_247,TAAGTTATGAGAATTTCTAC,11,-,3985
BRCA2_CDS_248,TCTCATAACTTAGAATTTGA,11,+,4007
BRCA2_CDS_249,TTGTATTCATAAAGATGAAA,11,+,4057
BRCA2_CDS_250,AACATATGTCTTAAATTATC,11,+,4103
BRCA2_CDS_251,TGTTTCCCTCCTTCATAAAC,11,-,4115
BRCA2_CDS_252,ATTATCTGGCCAGTTTATGA,11,+,4117
BRCA2_CDS_253,ATCTGGCCAGTTTATGAAGG,11,+,4120
BRCA2_CDS_254,TCTGGCCAGTTTATGAAGGA,11,+,4121
BRCA2_CDS_255,TTTGTCAGATTTAACTTTTT,11,+,4165
BRCA2_CDS_256,AAAGCTCAAGAAGCATGTCA,11,+,4196
BRCA2_CDS_257,ACAGTTAACTGCTACTAAAA,11,+,4237
BRCA2_CDS_258,ACATTTTTTCAGACTGCAAG,11,+,4292
BRCA2_CDS_259,CATTTTTTCAGACTGCAAGT,11,+,4293
BRCA2_CDS_260,AATTTTATTAAATGACTCTT,11,-,4321
BRCA2_CDS_261,GAAAAGTTATGCAATTCTTC,11,-,4365
BRCA2_CDS_262,AGAATGTAATTCAGAATTTA,11,-,4387
BRCA2_CDS_263,TGACATAAGAAAGAACAAAA,11,+,4420
BRCA2_CDS_264,AATGGACATTCTAAGTTATG,11,+,4438
BRCA2_CDS_265,CTGAAAGAAAGTGTCCCAGT,11,+,4487
BRCA2_CDS_266,GTTGATTTCCAGTACCAACT,11,-,4490
BRCA2_CDS_267,AGTTGATTTCCAGTACCAAC,11,-,4491
BRCA2_CDS_268,GAAAGTGTCCCAGTTGGTAC,11,+,4493
BRCA2_CDS_269,AAATCAACTAGTGACCTTCC,11,+,4516
BRCA2_CDS_270,AATCAACTAGTGACCTTCCA,11,+,4517
BRCA2_CDS_271,ACGTTCGGGTTGTCCCTGGA,11,-,4519
BRCA2_CDS_272,CATCACGTTCGGGTTGTCCC,11,-,4523
BRCA2_CDS_273,TTGATCTTTTCATCACGTTC,11,-,4533
BRCA2_CDS_274,TTTGATCTTTTCATCACGTT,11,-,4534
BRCA2_CDS_275,GTATGAAAACCCAATAGAGT,11,,
BRCA2_CDS_276,GATCAAAGAACCTACTCTAT,11,,
BRCA2_CDS_277,ATCAAAGAACCTACTCTATT,11,,
BRCA2_CDS_278,TTGGGTTTTCATACAGCTAG,11,+,4580
BRCA2_CDS_279,TGGGTTTTCATACAGCTAGC,11,+,4581
BRCA2_CDS_280,GAAAAAAGTTAAAATTGCAA,11,+,4603
BRCA2_CDS_281,TAAAATTGCAAAGGAATCTT,11,+,4612
BRCA2_CDS_282,CTTGCTCTTTTTCATCAAAA,11,-,4637
BRCA2_CDS_283,CTTTTTGATGAAAAAGAGCA,11,+,4649
BRCA2_CDS_284,TGCCCATTGATGGCTAAAAC,11,-,4675
BRCA2_CDS_285,TCACCAGTTTTAGCCATCAA,11,+,4683
BRCA2_CDS_286,CACCAGTTTTAGCCATCAAT,11,+,4684
BRCA2_CDS_287,TTAGGGTCTTTGCCCATTGA,11,-,4685
BRCA2_CDS_288,ACAGGCCTCTCTGTACTTTA,11,-,4702
BRCA2_CDS_289,TACAGGCCTCTCTGTACTTT,11,-,4703
BRCA2_CDS_290,AAAGACCCTAAAGTACAGAG,11,+,4708
BRCA2_CDS_291,TGCTAATTCAAGGTCTTTAC,11,-,4720
BRCA2_CDS_292,TGGTCTCACATGCTAATTCA,11,-,4730
BRCA2_CDS_293,TGGGGCAGCTGTGATCTCAA,11,-,4750
BRCA2_CDS_294,CTGCATTTCTTTACACTTTG,11,-,4768
BRCA2_CDS_295,TCTGCATTTCTTTACACTTT,11,-,4769
BRCA2_CDS_296,TTCTGCATTTCTTTACACTT,11,-,4770
BRCA2_CDS_297,CCACAGTCTCAATAGAAACA,11,-,4814
BRCA2_CDS_298,CCTTGTTTCTATTGAGACTG,11,+,4825
BRCA2_CDS_299,TTATCACTTAAGAGCTTAGG,11,-,4839
BRCA2_CDS_300,AAATTATCACTTAAGAGCTT,11,-,4842
BRCA2_CDS_301,TGATTTGTGTAACAAGTTGC,11,-,4956
BRCA2_CDS_302,ATTTTCAATGACTGAATAAG,11,-,4981
BRCA2_CDS_303,AATTTTCAATGACTGAATAA,11,-,4982
BRCA2_CDS_304,GAATTTTCAATGACTGAATA,11,-,4983
BRCA2_CDS_305,ACAACTTGTGTAAAAAGCTA,11,-,5008
BRCA2_CDS_306,CATTACTTGAAGCAAAAAAA,11,+,5070
BRCA2_CDS_307,GCAAAAAAATGGCTTAGAGA,11,+,5081
BRCA2_CDS_308,CTTAGAGAAGGAATATTTGA,11,+,5093
BRCA2_CDS_309,TCTGCAGTATTTATTCTTTC,11,-,5109
BRCA2_CDS_310,ATAAATACTGCAGATTATGT,11,+,5129
BRCA2_CDS_311,TAAATAAGTATCTTGTTTTT,11,-,5203
BRCA2_CDS_312,ATATACCTCATCAGAATGGT,11,-,5254
BRCA2_CDS_313,CATTATATACCTCATCAGAA,11,-,5258
BRCA2_CDS_314,CTATTCCTACCATTCTGATG,11,+,5260
BRCA2_CDS_315,GATGAGGTATATAATGATTC,11,+,5276
BRCA2_CDS_316,TCAAAAAATAAACTTGATTC,11,+,5306
BRCA2_CDS_317,TCTTCAACATTCTTCAATAC,11,-,5325
BRCA2_CDS_318,TTTTACATTGGATATTACTT,11,-,5368
BRCA2_CDS_319,TGCATTTGCATCTTTTACAT,11,-,5380
BRCA2_CDS_320,TATCTTCATTTACAGTTTGT,11,-,5405
BRCA2_CDS_321,ATATCTTCATTTACAGTTTG,11,-,5406
BRCA2_CDS_322,AAATGAAGATATTTGCGTTG,11,+,5428
BRCA2_CDS_323,GCTGCATTTTTATTTTTGCA,11,-,5460
BRCA2_CDS_324,GGCTGCATTTTTATTTTTGC,11,-,5461
BRCA2_CDS_325,ATTAGATATGGACAATTTAA,11,-,5482
BRCA2_CDS_326,AAAATTATTACTATTAGATA,11,-,5494
BRCA2_CDS_327,ATCTAATAGTAATAATTTTG,11,+,5509
BRCA2_CDS_328,AATAGTAATAATTTTGAGGT,11,+,5513
BRCA2_CDS_329,ATAGTAATAATTTTGAGGTA,11,+,5514
BRCA2_CDS_330,CTGGCTATCCTAAATGCAGG,11,-,5526
BRCA2_CDS_331,AGGTAGGGCCACCTGCATTT,11,+,5529
BRCA2_CDS_332,CCACTGGCTATCCTAAATGC,11,-,5529
BRCA2_CDS_333,CCTGCATTTAGGATAGCCAG,11,+,5540
BRCA2_CDS_334,AACACAAACGATTTTACCAC,11,-,5545
BRCA2_CDS_335,CAGTTTCAGTAAAGTAATTA,11,+,5620
BRCA2_CDS_336,AACCTGCCATAATTTTCGTT,11,-,5660
BRCA2_CDS_337,AATTTGCCAAACGAAAATTA,11,+,5665
BRCA2_CDS_338,TGCCAAACGAAAATTATGGC,11,+,5669
BRCA2_CDS_339,AATTATGGCAGGTTGTTACG,11,+,5680
BRCA2_CDS_340,GGCAGGTTGTTACGAGGCAT,11,+,5686
BRCA2_CDS_341,CGAGGCATTGGATGATTCAG,11,+,5698
BRCA2_CDS_342,ATGTAGCACGCATTCACATA,11,+,5752
BRCA2_CDS_343,TCTCCAATCCAGACATATTT,11,-,5804
BRCA2_CDS_344,CAACATAACCAAAATATGTC,11,+,5807
BRCA2_CDS_345,TAACCAAAATATGTCTGGAT,11,+,5812
BRCA2_CDS_346,GTTTCCAAACTAACATCACA,11,-,5844
BRCA2_CDS_347,ATCACCTTGTGATGTTAGTT,11,+,5851
BRCA2_CDS_348,GATATATGTAAATGTAGTAT,11,+,5882
BRCA2_CDS_349,ATATATGTAAATGTAGTATA,11,+,5883
BRCA2_CDS_350,GTCTCATCTGCAAATACTTG,11,+,5921
BRCA2_CDS_351,TCTCATCTGCAAATACTTGT,11,+,5922
BRCA2_CDS_352,GGGATTTTTAGCACAGCAAG,11,+,5942
BRCA2_CDS_353,AGCAAGTGGAAAATCTGTCC,11,+,5956
BRCA2_CDS_354,GTAATGAAGCATCTGATACC,11,-,5963
BRCA2_CDS_355,TACTTTGGAAAAGACTTGCT,11,-,6025
BRCA2_CDS_356,GTTACTTTTAAACAATACTT,11,-,6040
BRCA2_CDS_357,TATTTTCTTCTCTTGTGAGC,11,-,6074
BRCA2_CDS_358,TTTTGGGATATTAAATGTTC,11,-,6111
BRCA2_CDS_359,GAACATTTAATATCCCAAAA,11,+,6125
BRCA2_CDS_360,ATTATATGAAAAGCCTTTTT,11,-,6127
BRCA2_CDS_361,CATTATATGAAAAGCCTTTT,11,-,6128
BRCA2_CDS_362,AAAAGGCTTTTCATATAATG,11,+,6142
BRCA2_CDS_363,GTAAATTCATCTGCTTTCTC,11,+,6164
BRCA2_CDS_364,TCTGGATTTAGTACAGCAAG,11,+,6182
BRCA2_CDS_365,GTGTAAGGAACTTTCTAAAA,11,-,6205
BRCA2_CDS_366,CACTCCCTTAACTTTGTGTA,11,-,6220
BRCA2_CDS_367,AAGTTCCTTACACAAAGTTA,11,+,6226
BRCA2_CDS_368,AGTTCCTTACACAAAGTTAA,11,+,6227
BRCA2_CDS_369,CAAAGTTAAGGGAGTGTTAG,11,+,6238
BRCA2_CDS_370,GATACATTTTGTCTAGACGT,11,-,6291
BRCA2_CDS_371,GGGTTTCTCTTATCAACACG,11,-,6324
BRCA2_CDS_372,CTGAGTTTACACAGTGCTCT,11,-,6344
BRCA2_CDS_373,TCTGAGTTTACACAGTGCTC,11,-,6345
BRCA2_CDS_374,GCACTGTGTAAACTCAGAAA,11,+,6361
BRCA2_CDS_375,TAATTTAAATTCTTTACTGC,11,-,6379
BRCA2_CDS_376,TCAAATAACTTAAATGTTGA,11,+,6413
BRCA2_CDS_377,AATAACTTAAATGTTGAAGG,11,+,6416
BRCA2_CDS_378,TGTTGAAATTGAGAGAGATA,11,-,6462
BRCA2_CDS_379,TCAACAAGACAAACAACAGT,11,+,6490
BRCA2_CDS_380,GACAAACAACAGTTGGTATT,11,+,6497
BRCA2_CDS_381,GTTCTCAACAAGTGACACTT,11,-,6511
BRCA2_CDS_382,TGTTGAGAACATTCATGTTT,11,+,6535
BRCA2_CDS_383,GTTGAGAACATTCATGTTTT,11,+,6536
BRCA2_CDS_384,TCATGTTTTGGGAAAAGAAC,11,+,6547
BRCA2_CDS_385,ATTTCCATTTTTACGTTTTT,11,-,6564
BRCA2_CDS_386,TTCACCTAAAAACGTAAAAA,11,+,6571
BRCA2_CDS_387,AAAAACGTAAAAATGGAAAT,11,+,6578
BRCA2_CDS_388,ACTTCTATATTTGTTTTCAC,11,-,6615
BRCA2_CDS_389,AAAGTAGTTTTCTGAATCTT,11,-,6652
BRCA2_CDS_390,AGAAATTGCTAAAGCTTTTA,11,+,6700
BRCA2_CDS_391,AGAGAATGTGTGGCATGACT,11,-,6741
BRCA2_CDS_392,ACATGTAAAAAGAGAATGTG,11,-,6751
BRCA2_CDS_393,AAAACCATTTCCTCATTTTC,11,-,6774
BRCA2_CDS_394,TTTTACATGTCCCGAAAATG,11,+,6775
BRCA2_CDS_395,CAAAACCATTTCCTCATTTT,11,-,6775
BRCA2_CDS_396,ATGTCCCGAAAATGAGGAAA,11,+,6781
BRCA2_CDS_397,GTTTTGTCAAATTCAAGAAT,11,+,6803
BRCA2_CDS_398,TCAAGAATTGGAAAAAGAAG,11,+,6815
BRCA2_CDS_399,CACTTACCCACTAAGATAAG,11,-,6831
BRCA2_CDS_400,ACACTTACCCACTAAGATAA,11,-,6832
BRCA2_CDS_401,AACACTTACCCACTAAGATA,11,-,6833
BRCA2_CDS_402,AGGAGAGCCCCTTATCTTAG,11,+,6835
BRCA2_CDS_403,GGAGAGCCCCTTATCTTAGT,11,+,6836
BRCA2_CDS_404,TATATGAAATATTTCTTTTT,12,+,6843
BRCA2_CDS_405,AATAAGTTTCTTTTGATTGA,12,-,6852
BRCA2_CDS_406,TAATAAGTTTCTTTTGATTG,12,-,6853
BRCA2_CDS_407,ACTTATTAAATGAATTTGAC,12,+,6879
BRCA2_CDS_408,AAATCAAGAAAAATCCTTAA,12,+,6910
BRCA2_CDS_409,AGTGCTTTTTGAAGCCTTTA,12,-,6913
BRCA2_CDS_410,GCTTCAAAAAGCACTCCAGA,12,+,6932
BRCA2_CDS_411,AAAAAGCTAATTTTACCATC,12,-,6936
BRCA2_CDS_412,ATATAAAATAATTGTTTCCT,13,+,6939
BRCA2_CDS_413,TTCGATCTTTTATTGTGCCT,13,-,6939
BRCA2_CDS_414,CGAAAGGGTACACAGGTAAT,13,-,6990
BRCA2_CDS_415,GTCTTACCGAAAGGGTACAC,13,-,6997
BRCA2_CDS_416,CGATTACCTGTGTACCCTTT,13,+,7002
BRCA2_CDS_417,TTAAACATGTCTTACCGAAA,13,-,7005
BRCA2_CDS_418,TTTAAACATGTCTTACCGAA,13,-,7006
BRCA2_CDS_419,TCCTTAGTTGTGCTGCAATG,14,-,7008
BRCA2_CDS_420,TTCCTTAGTTGTGCTGCAAT,14,-,7008
BRCA2_CDS_421,GTTCCTTAGTTGTGCTGCAA,14,-,7008
BRCA2_CDS_422,TCCCCATTGCAGCACAACTA,14,+,7012
BRCA2_CDS_423,TGACCAGGTGCGGTAAAATT,14,-,7044
BRCA2_CDS_424,AATCCAAATTTTACCGCACC,14,+,7052
BRCA2_CDS_425,CAGAAATTCTTGACCAGGTG,14,-,7054
BRCA2_CDS_426,TTAGACAGAAATTCTTGACC,14,-,7059
BRCA2_CDS_427,TTTGTATGAACATCTGACTT,14,+,7099
BRCA2_CDS_428,TCAAGCAATTTAGCAGTTTC,14,+,7130
BRCA2_CDS_429,GTAGCAGAAACTTGATAAAA,14,-,7146
BRCA2_CDS_430,ATGAGACACTTGATTACTAC,14,+,7193
BRCA2_CDS_431,GGTGGAACAAAGACTTTGGT,14,-,7209
BRCA2_CDS_432,AAAAGGTGGAACAAAGACTT,14,-,7213
BRCA2_CDS_433,TGTGATTTAGTTTTAAAAGG,14,-,7227
BRCA2_CDS_434,AAATGTGATTTAGTTTTAAA,14,-,7230
BRCA2_CDS_435,ACAGAGTTGAACAGTGTGTT,14,+,7266
BRCA2_CDS_436,GTGTGTTAGGAATATTAACT,14,+,7279
BRCA2_CDS_437,TGTTAGGAATATTAACTTGG,14,+,7282
BRCA2_CDS_438,AGACAAAAGCAAAACATTGA,14,+,7310
BRCA2_CDS_439,AAGCAAAACATTGATGGACA,14,+,7316
BRCA2_CDS_440,AGTTACAGCTACTGCTTGAT,14,-,7390
BRCA2_CDS_441,AAGTGTGAAGAAGAACCTTT,14,+,7430
BRCA2_CDS_442,AATTGTCATACAATACCTAA,14,-,7434
BRCA2_CDS_443,TCGCATATCCTGTATATCTC,15,-,7465
BRCA2_CDS_444,TCAGAATGCCAGAGATATAC,15,+,7468
BRCA2_CDS_445,TGCGAATTAAGAAGAAACAA,15,+,7494
BRCA2_CDS_446,CAACGCGTCTTTCCACAGCC,15,+,7517
BRCA2_CDS_447,AGATACAGACTGCCTGGCTG,15,-,7518
BRCA2_CDS_448,TTTGCAAGATACAGACTGCC,15,-,7524
BRCA2_CDS_449,CAGAGAGATTCGAGGCAGAG,15,-,7552
BRCA2_CDS_450,GCTGCTTTCAGAGAGATTCG,15,-,7560
BRCA2_CDS_451,ATCTCTCTGAAAGCAGCAGT,15,+,7577
BRCA2_CDS_452,TCTCTGAAAGCAGCAGTAGG,15,+,7580
BRCA2_CDS_453,GAGAACACGCAGAGGGAACT,15,-,7592
BRCA2_CDS_454,TGTTTATGAGAACACGCAGA,15,-,7599
BRCA2_CDS_455,CTGTTTATGAGAACACGCAG,15,-,7600
BRCA2_CDS_456,CTCTGCGTGTTCTCATAAAC,15,+,7612
BRCA2_CDS_457,TTTGTGTAGCTGTATACGTA,16,+,7625
BRCA2_CDS_458,TTTCACACTGAAGATTATTT,16,+,7700
BRCA2_CDS_459,CACTGAAGATTATTTTGGTA,16,+,7705
BRCA2_CDS_460,ATTTTGGTAAGGAAAGTTTA,16,+,7716
BRCA2_CDS_461,GGTAAGGAAAGTTTATGGAC,16,+,7721
BRCA2_CDS_462,GAAAGTTTATGGACTGGAAA,16,+,7727
BRCA2_CDS_463,GACTGGAAAAGGAATACAGT,16,+,7738
BRCA2_CDS_464,AAAGGAATACAGTTGGCTGA,16,+,7745
BRCA2_CDS_465,GGAATACAGTTGGCTGATGG,16,+,7748
BRCA2_CDS_466,TACAGTTGGCTGATGGTGGA,16,+,7752
BRCA2_CDS_467,CCAGCCTTTCCATCATTGGA,16,-,7770
BRCA2_CDS_468,TCCAGCCTTTCCATCATTGG,16,-,7771
BRCA2_CDS_469,TGGCTCATACCCTCCAATGA,16,+,7772
BRCA2_CDS_470,TTTTCCAGCCTTTCCATCAT,16,-,7774
BRCA2_CDS_471,CATACCCTCCAATGATGGAA,16,+,7777
BRCA2_CDS_472,CCCTCCAATGATGGAAAGGC,16,+,7781
BRCA2_CDS_473,CTGGAAAAGAAGAATTTTAT,16,+,7800
BRCA2_CDS_474,TATTCTACTTTTATTTGTTC,17,+,7807
BRCA2_CDS_475,ATTCTACTTTTATTTGTTCA,17,+,7807
BRCA2_CDS_476,AGGGCTCTGTGTGACACTCC,17,+,7820
BRCA2_CDS_477,TCTGTGTGACACTCCAGGTG,17,+,7825
BRCA2_CDS_478,ATAAGCTTTGGATCCACACC,17,-,7827
BRCA2_CDS_479,CAAATTCTAGAAATAAGCTT,17,-,7839
BRCA2_CDS_480,CAAAGCTTATTTCTAGAATT,17,+,7851
BRCA2_CDS_481,AAAGCTTATTTCTAGAATTT,17,+,7852
BRCA2_CDS_482,GGGTTTATAATCACTATAGA,17,+,7872
BRCA2_CDS_483,ATCACTATAGATGGATCATA,17,+,7881
BRCA2_CDS_484,TAGATGGATCATATGGAAAC,17,+,7888
BRCA2_CDS_485,CATATGGAAACTGGCAGCTA,17,+,7897
BRCA2_CDS_486,TATGGAATGTGCCTTTCCTA,17,+,7915
BRCA2_CDS_487,ATTAGCAAATTCCTTAGGAA,17,-,7915
BRCA2_CDS_488,CATCTATTAGCAAATTCCTT,17,-,7920
BRCA2_CDS_489,GAAGCACCCTTTCTGGGCTT,17,-,7943
BRCA2_CDS_490,ATAGATGCCTAAGCCCAGAA,17,+,7947
BRCA2_CDS_491,TAGATGCCTAAGCCCAGAAA,17,+,7948
BRCA2_CDS_492,GTTGAAGAAGCACCCTTTCT,17,-,7949
BRCA2_CDS_493,AGTTGAAGAAGCACCCTTTC,17,-,7950
BRCA2_CDS_494,TGCTTCTTCAACTAAAATAC,17,+,7971
BRCA2_CDS_495,TTTCACTTTTAGATATGATA,18,+,7981
BRCA2_CDS_496,AATTGATAGAAGCAGAAGAT,18,+,8005
BRCA2_CDS_497,ATCGGCTATAAAAAAGATAA,18,+,8023
BRCA2_CDS_498,CTATAAAAAAGATAATGGAA,18,+,8028
BRCA2_CDS_499,TATAAAAAAGATAATGGAAA,18,+,8029
BRCA2_CDS_500,TAGTGCAGATACCCAAAAAG,18,+,8143
BRCA2_CDS_501,TTCAATAATGGCCACTTTTT,18,-,8143
BRCA2_CDS_502,GTTCAATAATGGCCACTTTT,18,-,8144
BRCA2_CDS_503,CCCATCTGTAAGTTCAATAA,18,-,8155
BRCA2_CDS_504,GCCATTATTGAACTTACAGA,18,+,8165
BRCA2_CDS_505,CCATTATTGAACTTACAGAT,18,+,8166
BRCA2_CDS_506,TTATTGAACTTACAGATGGG,18,+,8169
BRCA2_CDS_507,AGATGGGTGGTATGCTGTTA,18,+,8182
BRCA2_CDS_508,TAAGAGGGGAGGATCTAACT,18,-,8194
BRCA2_CDS_509,CTAAGAGGGGAGGATCTAAC,18,-,8195
BRCA2_CDS_510,TTTAAGACAGCTAAGAGGGG,18,-,8205
BRCA2_CDS_511,TTCTTTAAGACAGCTAAGAG,18,-,8208
BRCA2_CDS_512,ATTCTTTAAGACAGCTAAGA,18,-,8209
BRCA2_CDS_513,CATTCTTTAAGACAGCTAAG,18,-,8210
BRCA2_CDS_514,CTCTTAGCTGTCTTAAAGAA,18,+,8222
BRCA2_CDS_515,AAGAATGGCAGACTGACAGT,18,+,8237
BRCA2_CDS_516,GGTCAGAAGATTATTCTTCA,18,+,8258
BRCA2_CDS_517,TATTCTTCATGGAGCAGAAC,18,+,8269
BRCA2_CDS_518,TCTTCATGGAGCAGAACTGG,18,+,8272
BRCA2_CDS_519,CTTCATGGAGCAGAACTGGT,18,+,8273
BRCA2_CDS_520,TCAAGAGGTGTACAGGCATC,18,-,8289
BRCA2_CDS_521,TGGGGCTTCAAGAGGTGTAC,18,-,8296
BRCA2_CDS_522,AGAGATTCTGGGGCTTCAAG,18,-,8304
BRCA2_CDS_523,CTTTAACATAAGAGATTCTG,18,-,8314
BRCA2_CDS_524,CCTTTAACATAAGAGATTCT,18,-,8315
BRCA2_CDS_525,ACCTTTAACATAAGAGATTC,18,-,8316
BRCA2_CDS_526,CCCAGAATCTCTTATGTTAA,18,+,8326
BRCA2_CDS_527,GAGTACTGTTAGCAGAAATC,19,-,8333
BRCA2_CDS_528,AGATTTCTGCTAACAGTACT,19,+,8346
BRCA2_CDS_529,ACAGTACTCGGCCTGCTCGC,19,+,8358
BRCA2_CDS_530,AGTTTGGTATACCAGCGAGC,19,-,8358
BRCA2_CDS_531,GCTCGCTGGTATACCAAACT,19,+,8372
BRCA2_CDS_532,GTCAGGAAAGAATCCAAGTT,19,-,8374
BRCA2_CDS_533,AGAGGAAAAGGTCTAGGGTC,19,-,8391
BRCA2_CDS_534,AGGGCAGAGGAAAAGGTCTA,19,-,8396
BRCA2_CDS_535,AAGGGCAGAGGAAAAGGTCT,19,-,8397
BRCA2_CDS_536,GATGATAAGGGCAGAGGAAA,19,-,8403
BRCA2_CDS_537,AAAAGCGATGATAAGGGCAG,19,-,8409
BRCA2_CDS_538,TCACTGAAAAGCGATGATAA,19,-,8415
BRCA2_CDS_539,ATCACTGAAAAGCGATGATA,19,-,8416
BRCA2_CDS_540,TTATCATCGCTTTTCAGTGA,19,+,8429
BRCA2_CDS_541,TCATCGCTTTTCAGTGATGG,19,+,8432
BRCA2_CDS_542,TTCAGTGATGGAGGAAATGT,19,+,8441
BRCA2_CDS_543,TCAAAGAGCATACCCTATAC,19,+,8482
BRCA2_CDS_544,GAATACATCATACCTGTATA,19,-,8483
BRCA2_CDS_545,AGAATACATCATACCTGTAT,19,-,8484
BRCA2_CDS_546,TGTGTAACACATTATTACAG,20,+,8488
BRCA2_CDS_547,TAACACATTATTACAGTGGA,20,+,8488
BRCA2_CDS_548,TGGATGGAGAAGACATCATC,20,+,8504
BRCA2_CDS_549,CATATTTCGCAATGAAAGAG,20,+,8533
BRCA2_CDS_550,CAATGAAAGAGAGGAAGAAA,20,+,8542
BRCA2_CDS_551,AAAGGAAGCAGCAAAATATG,20,+,8560
BRCA2_CDS_552,GGAAGCAGCAAAATATGTGG,20,+,8563
BRCA2_CDS_553,GGCTTCTAGTCTCTTTTGTT,20,-,8575
BRCA2_CDS_554,AGGCTTCTAGTCTCTTTTGT,20,-,8576
BRCA2_CDS_555,CTCCTGAATTTTAGTGAATA,20,-,8596
BRCA2_CDS_556,AGCCTTATTCACTAAAATTC,20,+,8605
BRCA2_CDS_557,CTTATTCACTAAAATTCAGG,20,+,8608
BRCA2_CDS_558,GAGGAATTTGAAGAACATGA,20,+,8627
BRCA2_CDS_559,AGTGCACGTGATGGTAAATA,21,-,8652
BRCA2_CDS_560,TGTCTTGTTAGTGCACGTGA,21,-,8661
BRCA2_CDS_561,CAAGTTCGTGCTTTGCAAGA,21,+,8696
BRCA2_CDS_562,CTCTCACCTCAAGGTAAGCT,21,-,8744
BRCA2_CDS_563,TCTCTCACCTCAAGGTAAGC,21,-,8745
BRCA2_CDS_564,AGCAGACCCAGCTTACCTTG,21,+,8749
BRCA2_CDS_565,CCTCTTACTCTCTCACCTCA,21,-,8753
BRCA2_CDS_566,CCAATATCTTAAATGGTCAC,22,+,8756
BRCA2_CDS_567,CAATATCTTAAATGGTCACA,22,+,8756
BRCA2_CDS_568,CATTTGCCTGTGATTATTCA,22,-,8788
BRCA2_CDS_569,TAAGAGCCTTGAATAATCAC,22,+,8793
BRCA2_CDS_570,GAAACAAGCTCAGATCCAGT,22,+,8833
BRCA2_CDS_571,TGGCCTTCCTAATTTCCAAC,22,-,8837
BRCA2_CDS_572,CTCAGATCCAGTTGGAAATT,22,+,8841
BRCA2_CDS_573,GATCCAGTTGGAAATTAGGA,22,+,8845
BRCA2_CDS_574,GTTGGAAATTAGGAAGGCCA,22,+,8851
BRCA2_CDS_575,CTTTTGTTCAGCAGATTCCA,22,-,8857
BRCA2_CDS_576,CATGGAATCTGCTGAACAAA,22,+,8869
BRCA2_CDS_577,TCTGCTGAACAAAAGGAACA,22,+,8876
BRCA2_CDS_578,AAAAGGAACAAGGTTTATCA,22,+,8886
BRCA2_CDS_579,AAAGGAACAAGGTTTATCAA,22,+,8887
BRCA2_CDS_580,CAAGGGATGTCACAACCGTG,22,+,8904
BRCA2_CDS_581,TACAATACGCAACTTCCACA,22,-,8908
BRCA2_CDS_582,TCAAAAAAAGAAAAAGATTC,22,+,8948
BRCA2_CDS_583,AAATACTCAGTATAACTGTT,23,-,8954
BRCA2_CDS_584,AAACAGTTATACTGAGTATT,23,+,8964
BRCA2_CDS_585,AGAGAATATAAATCTGATGA,23,-,8979
BRCA2_CDS_586,TTATATTCTCTGTTAACAGA,23,+,9002
BRCA2_CDS_587,AACTCAGTATCAACAACTAC,23,+,9112
BRCA2_CDS_588,TTACAATGAAAGGTTTGTAC,23,-,9119
BRCA2_CDS_589,ATTTTTGTTTTGTTTTCTGT,24,+,9120
BRCA2_CDS_590,TATTTCAGATTTACCAGCCA,24,+,9150
BRCA2_CDS_591,ATTTCAGATTTACCAGCCAC,24,+,9151
BRCA2_CDS_592,AGTGAAGGGGCTCCCGTGGC,24,-,9152
BRCA2_CDS_593,CTGAAGTGAAGGGGCTCCCG,24,-,9156
BRCA2_CDS_594,AAAAATTTGCTGAAGTGAAG,24,-,9165
BRCA2_CDS_595,TAAAAATTTGCTGAAGTGAA,24,-,9166
BRCA2_CDS_596,CTAAAAATTTGCTGAAGTGA,24,-,9167
BRCA2_CDS_597,GAACAAGATGGCTGAAAGTC,24,-,9192
BRCA2_CDS_598,AGGTCCACCTCAGAACAAGA,24,-,9204
BRCA2_CDS_599,CTTTCAGCCATCTTGTTCTG,24,+,9208
BRCA2_CDS_600,TCAGCCATCTTGTTCTGAGG,24,+,9211
BRCA2_CDS_601,TGTTCTGAGGTGGACCTAAT,24,+,9221
BRCA2_CDS_602,CAGAAACGACAAATCCTATT,24,-,9224
BRCA2_CDS_603,GTTTCTGTTGTGAAAAAAAC,24,+,9251
BRCA2_CDS_604,TTTTCTTTTTTTTCCATTCT,25,+,9258
BRCA2_CDS_605,GAAAGGGGCAAGTCCTAGAA,25,-,9258
BRCA2_CDS_606,GTCTGACAAATAGACGAAAG,25,-,9268
BRCA2_CDS_607,CGTCTGACAAATAGACGAAA,25,-,9269
BRCA2_CDS_608,TCGTCTGACAAATAGACGAA,25,-,9270
BRCA2_CDS_609,AGACGAATGTTACAATTTAC,25,+,9298
BRCA2_CDS_610,ATTTACTGGCAATAAAGTTT,25,+,9312
BRCA2_CDS_611,GTTTTGGATAGACCTTAATG,25,+,9328
BRCA2_CDS_612,GCTTAATAATGTCCTCATTA,25,-,9329
BRCA2_CDS_613,CTTGCAGCAATTAACATATG,25,-,9351
BRCA2_CDS_614,TTGCTGCAAGCAACCTCCAG,25,+,9375
BRCA2_CDS_615,TGGATTCTGGTCGCCACTGG,25,-,9377
BRCA2_CDS_616,ATTTGGATTCTGGTCGCCAC,25,-,9380
BRCA2_CDS_617,AGAAGGCCTGATTTGGATTC,25,-,9390
BRCA2_CDS_618,TGGCGACCAGAATCCAAATC,25,+,9395
BRCA2_CDS_619,TAAAGTAAGAAGGCCTGATT,25,-,9397
BRCA2_CDS_620,CTCCAGCAAATAAAGTAAGA,25,-,9407
BRCA2_CDS_621,GGCCTTCTTACTTTATTTGC,25,+,9416
BRCA2_CDS_622,GTTTTCTGCTAGTCCAAAAG,25,+,9451
BRCA2_CDS_623,TTTTCTGCTAGTCCAAAAGA,25,+,9452
BRCA2_CDS_624,TCTTGAAAGTGGCCCTCTTT,25,-,9453
BRCA2_CDS_625,TGTTGAATGTCTCTTGAAAG,25,-,9464
BRCA2_CDS_626,CAAAATGAAAAATACTGTTG,25,+,9496
BRCA2_CDS_627,TGAAAAATACTGTTGAGGTA,25,+,9501
BRCA2_CDS_628,TGCATGCAAATGATCCCAAG,26,+,9567
BRCA2_CDS_629,TTAGTTGGGGTGGACCACTT,26,-,9570
BRCA2_CDS_630,TTTAGTTGGGGTGGACCACT,26,-,9571
BRCA2_CDS_631,AGTACAGTCTTTAGTTGGGG,26,-,9580
BRCA2_CDS_632,TGAAGTACAGTCTTTAGTTG,26,-,9583
BRCA2_CDS_633,CTGAAGTACAGTCTTTAGTT,26,-,9584
BRCA2_CDS_634,CCTGAAGTACAGTCTTTAGT,26,-,9585
BRCA2_CDS_635,CCAACTAAAGACTGTACTTC,26,+,9596
BRCA2_CDS_636,CAACTAAAGACTGTACTTCA,26,+,9597
BRCA2_CDS_637,GGAATGATTTGAGCAGTGTA,26,-,9609
BRCA2_CDS_638,TACACTGCTCAAATCATTCC,26,+,9623
BRCA2_CDS_639,GCTCAAATCATTCCTGGTAC,26,+,9629
BRCA2_CDS_640,AGAAGCTTGTTTCCTGTACC,26,-,9630
BRCA2_CDS_641,TGGTACAGGAAACAAGCTTC,26,+,9643
BRCA2_CDS_642,TGATAATATATCTCACAATT,27,-,9663
BRCA2_CDS_643,TTGGCCATACAAAGTGATAA,27,-,9690
BRCA2_CDS_644,AAGTCCTTTATCACTTTGTA,27,+,9697
BRCA2_CDS_645,TATCACTTTGTATGGCCAAA,27,+,9705
BRCA2_CDS_646,TGTGGAAACAGACTTCCTTT,27,-,9709
BRCA2_CDS_647,CATCTGGGCTGAGACAGGTG,27,-,9727
BRCA2_CDS_648,GAAGTCATCTGGGCTGAGAC,27,-,9732
BRCA2_CDS_649,ACAAGACTTTGAAGTCATCT,27,-,9742
BRCA2_CDS_650,TACAAGACTTTGAAGTCATC,27,-,9743
BRCA2_CDS_651,ATGACTTCAAAGTCTTGTAA,27,+,9758
BRCA2_CDS_652,TGACTTCAAAGTCTTGTAAA,27,+,9759
BRCA2_CDS_653,GACTTCAAAGTCTTGTAAAG,27,+,9760
BRCA2_CDS_654,TTCTCTTTTTGCAGTTCTTT,27,-,9788
BRCA2_CDS_655,CTGCAAAAAGAGAAGAGCCT,27,+,9808
BRCA2_CDS_656,CAGTCTACTCAAGAAATCCA,27,-,9814
BRCA2_CDS_657,GGACTAACAGGTGGAGGTAA,27,-,9837
BRCA2_CDS_658,CAAATGGGACTAACAGGTGG,27,-,9843
BRCA2_CDS_659,GTACAAATGGGACTAACAGG,27,-,9846
BRCA2_CDS_660,AATGTACAAATGGGACTAAC,27,-,9849
BRCA2_CDS_661,GGAGAAACAAATGTACAAAT,27,-,9858
BRCA2_CDS_662,CGGAGAAACAAATGTACAAA,27,-,9859
BRCA2_CDS_663,CATTTGTACATTTGTTTCTC,27,+,9871
BRCA2_CDS_664,TGAAATGCCTTCTGTGCAGC,27,-,9879
BRCA2_CDS_665,TGTTTCTCCGGCTGCACAGA,27,+,9883
BRCA2_CDS_666,AGAAGGCATTTCAGCCACCA,27,+,9900
BRCA2_CDS_667,TTGGTGCCACAACTCCTTGG,27,-,9903
BRCA2_CDS_668,TATTTGGTGCCACAACTCCT,27,-,9906
BRCA2_CDS_669,TTTCAGCCACCAAGGAGTTG,27,+,9908
BRCA2_CDS_670,CTTTATGGGTGTTTCGTATT,27,-,9922
BRCA2_CDS_671,TTCAGTTCTTTTTTCTTTAT,27,-,9936
BRCA2_CDS_672,ATTCAGTTCTTTTTTCTTTA,27,-,9937
BRCA2_CDS_673,TTTTTAAATGGAGTCATCTG,27,-,9963
BRCA2_CDS_674,ATTTCATTGAATTTTTTAAA,27,-,9975
BRCA2_CDS_675,ATTCAATGAAATTTCTCTTT,27,+,9997
BRCA2_CDS_676,TGAACCAGACAAAAGAGCTT,27,-,10051
BRCA2_CDS_677,TTGAACCAGACAAAAGAGCT,27,-,10052
BRCA2_CDS_678,AATACCCAAGCTCTTTTGTC,27,+,10058
BRCA2_CDS_679,GCTCTTTTGTCTGGTTCAAC,27,+,10067
BRCA2_CDS_680,TATCTGTCAGTGAATCCACT,27,+,10104
BRCA2_CDS_681,ACTGGTGGGAGCAGTCCTAG,27,-,10108
BRCA2_CDS_682,AGATAATCTTCTGAACTGGT,27,-,10122
BRCA2_CDS_683,GAGATAATCTTCTGAACTGG,27,-,10123
BRCA2_CDS_684,TCTGAGATAATCTTCTGAAC,27,-,10126
BRCA2_CDS_685,TACATCTCTGATCAAAGAAC,27,+,10177
BRCA2_CDS_686,CAAAGAACAGGAGAGTTCCC,27,+,10189
BRCA2_CDS_687,ACATTCTTCCGTACTGGCCT,27,-,10195
BRCA2_CDS_688,CACATTCTTCCGTACTGGCC,27,-,10196
BRCA2_CDS_689,GGAGAGTTCCCAGGCCAGTA,27,+,10198
BRCA2_CDS_690,TTTCTCACATTCTTCCGTAC,27,-,10201
BRCA2_CDS_691,AGAATGTGAGAAAAATAAGC,27,+,10222
Control_692,TGTGAAAGGGCGATCCAGCG,control,,
Control_693,GGGCTTCAAGACACCCAAGG,control,,
Control_694,CCAGCGCGCTACTTACAGTG,control,,
Control_695,GAAGAACAGGTCATCAGCCT,control,,
Control_696,GCTGGTCGAGGTCCACGCCG,control,,
Control_697,CTCACTGTGATGATGAAGCA,control,,
Control_698,AGCTCCGCAACAAGATAGCA,control,,
Control_699,TCAACACCAACATCGATGGG,control,,
Control_700,TGACGGTATCCACCCATTCG,control,,
Control_701,AAAAACACCCGTGGAGCCGG,control,,
Control_702,TGACCAACCGACTACTTCAG,control,,
Control_703,CGTCATTCGAAACATAGTGG,control,,
Control_704,CCACCCGGCCCGTACCTCGA,control,,
Control_705,AAATCATTATCTTAGCCACC,control,,
Control_706,TTCCATGGTCAAAAAATGGC,control,,
Control_707,TAAGATACTTACAAACACAC,control,,
Control_708,ACCTGCCTCACAGTGCAGGG,control,,
Control_709,TACTTTCTATGAGAAGCGTA,control,,
Control_710,GCCAAGATCGTGAAGCCCAA,control,,
Control_711,GCGCCCAGCTGCCAACACCA,control,,
Control_712,GCAAAACTTATGTGACCCCG,control,,
Control_713,TGGCCAGGTTTGTGGAACAG,control,,
Control_714,CGCTTCCGCGGCCCGTTCAA,control,,
Control_715,ATCGTTTCCGCTTAACGGCG,control,,
Control_716,GTAGGCGCGCCGCTCTCTAC,control,,
Control_717,CCATATCGGGGCGAGACATG,control,,
Control_718,TACTAACGCCGCTCCTACAG,control,,
Control_719,TGAGGATCATGTCGAGCGCC,control,,
Control_720,GGGCCCGCATAGGATATCGC,control,,
Control_721,TAGACAACCGCGGAGAATGC,control,,
Control_722,ACGGGCGGCTATCGCTGACT,control,,
Control_723,CGCGGAAATTTTACCGACGA,control,,
Control_724,CTTACAATCGTCGGTCCAAT,control,,
Control_725,GCGTGCGTCCCGGGTTACCC,control,,
Control_726,CGGAGTAACAAGCGGACGGA,control,,
Control_727,CGAGTGTTATACGCACCGTT,control,,
Control_728,CGACTAACCGGAAACTTTTT,control,,
Control_729,CAACGGGTTCTCCCGGCTAC,control,,
Control_730,CAGGAGTCGCCGATACGCGT,control,,
Control_731,GTGTCGGATTCCGCCGCTTA,control,,
Control_732,CACGAACTCACACCGCGCGA,control,,
Control_733,CGCTAGTACGCTCCTCTATA,control,,