aligned_sequence,reference_sequence,n_inserted,n_deleted,n_mutated,day_14_a_t1_#reads,day_14_a_t2_#reads,day_14_b_t1_#reads,day_14_b_t2_#reads,day_14_c_t1_#reads,day_14_c_t2_#reads,day_7_a_t1_#reads,day_7_a_t2_#reads,day_7_b_t1_#reads,day_7_b_t2_#reads,day_7_c_t1_#reads,day_7_c_t2_#reads,mock_a_t1_#reads,mock_a_t2_#reads,mock_b_t1_#reads,mock_b_t2_#reads,mock_c_t1_#reads,mock_c_t2_#reads,nira_a_t1_#reads,nira_a_t2_#reads,nira_b_t1_#reads,nira_b_t2_#reads,nira_c_t1_#reads,nira_c_t2_#reads
ACTGGCAGCTATGGAATGTGCCTTTCCTAAGGAATTTGCTAATAGATGCCTAAGCCCAGAAAGGGTGCTTCTTCAACTAAAATACAGGCAAGTTTAAAGCATTACATTACGTAATCATATACGGCAGTATGGTTAAGGTTTCTGTGTAGTCTGTGACTTCCATGTCAAAATGTTGCACAAGCCAGTTGTCAGTGACAGTTGCCATCCCACACTGCTGTTCTCCTGTCATCCCTAGCCCCCA,ACTGGCAGCTATGGAATGTGCCTTTCCTAAGGAATTTGCTAATAGATGCCTAAGCCCAGAAAGGGTGCTTCTTCAACTAAAATACAGGCAAGTTTAAAGCATTACATTACGTAATCATATACGGCAGTATGGTTAAGGTTTCTGTGTAGTCTGTGACTTCCATGTCAAAATGTTGCACAAGCCAGTTGTCAGTGACAGTTGCCATCCCACACTGCTGTTCTCCTGTCATCCCTAGCCCCCA,0,0,0,505.0,470.0,385.0,440.0,370.0,440.0,3.0,47,5,10.0,10.0,2,510.0,484.0,390.0,450.0,380.0,450.0,20.0,20.0,5.0,10.0,10.0,6.0
ACTGGCAGCTATGGAATGTGCCTTTCCTAAGGAATTTGCTAATAGATGCCTAAGCCCAGAAAGGGTGCTTCTTCAGCTCAAATACAGGCAAGTTTAAAGCATTACATTACGTAATCATATACGGCAGTATGGTTAAGGTTTCTGTGTAGTCTGTGACTTCCATGTCAAAATGTTGCACAAGCCAGTTGTCAGTGACAGTTGCCATCCCACACTGCTGTTCTCCTGTCATCCCTAGCCCCCA,ACTGGCAGCTATGGAATGTGCCTTTCCTAAGGAATTTGCTAATAGATGCCTAAGCCCAGAAAGGGTGCTTCTTCAACTAAAATACAGGCAAGTTTAAAGCATTACATTACGTAATCATATACGGCAGTATGGTTAAGGTTTCTGTGTAGTCTGTGACTTCCATGTCAAAATGTTGCACAAGCCAGTTGTCAGTGACAGTTGCCATCCCACACTGCTGTTCTCCTGTCATCCCTAGCCCCCA,0,0,0,165.0,190.0,220.0,190.0,188.0,200.0,3.0,30,4,20.0,19.0,2,170.0,195.0,250.0,195.0,190.0,210.0,10.0,20.0,4.0,20.0,19.0,5.0
ACTGGCAGCTATGGAATGTGCCTTTCCTAAGGAATTTGCTAATAGATGCCTAAGCCCAGAAAGGGTGCTTCTGCAGCTCAAATACAGGCAAGTTTAAAGCATTACATTACGTAATCATATACGGCAGTATGGTTAAGGTTTCTGTGTAGTCTGTGACTTCCATGTCAAAATGTTGCACAAGCCAGTTGTCAGTGACAGTTGCCATCCCACACTGCTGTTCTCCTGTCATCCCTAGCCCCCA,ACTGGCAGCTATGGAATGTGCCTTTCCTAAGGAATTTGCTAATAGATGCCTAAGCCCAGAAAGGGTGCTTCTTCAACTAAAATACAGGCAAGTTTAAAGCATTACATTACGTAATCATATACGGCAGTATGGTTAAGGTTTCTGTGTAGTCTGTGACTTCCATGTCAAAATGTTGCACAAGCCAGTTGTCAGTGACAGTTGCCATCCCACACTGCTGTTCTCCTGTCATCCCTAGCCCCCA,0,0,0,110.0,180.0,210.0,175.0,175.0,190.0,3.0,20,4,9.0,20.0,2,120.0,200.0,200.0,179.0,180.0,200.0,10.0,10.0,4.0,9.0,20.0,5.0
ACTGGCAGCTATGGAATGTGCCTTTCCTAAGGAATTTGCTAATAGATGCCTAAGCCCAGAAAGGGTGCTTCTTGCCCTCAAATACAGGCAAGTTTAAAGCATTACATTACGTAATCATATACGGCAGTATGGTTAAGGTTTCTGTGTAGTCTGTGACTTCCATGTCAAAATGTTGCACAAGCCAGTTGTCAGTGACAGTTGCCATCCCACACTGCTGTTCTCCTGTCATCCCTAGCCCCCA,ACTGGCAGCTATGGAATGTGCCTTTCCTAAGGAATTTGCTAATAGATGCCTAAGCCCAGAAAGGGTGCTTCTTCAACTAAAATACAGGCAAGTTTAAAGCATTACATTACGTAATCATATACGGCAGTATGGTTAAGGTTTCTGTGTAGTCTGTGACTTCCATGTCAAAATGTTGCACAAGCCAGTTGTCAGTGACAGTTGCCATCCCACACTGCTGTTCTCCTGTCATCCCTAGCCCCCA,0,0,0,150.0,150.0,190.0,150.0,110.0,149.0,3.0,11,4,10.0,15.0,5,159.0,160.0,180.0,159.0,120.0,159.0,3.0,50.0,4.0,10.0,15.0,5.0
ACTGGCAGCTATGGAATGTGCCTTTCCTAAGGAATTTGCTAATAGATGCCTAAGCCCAGAAAGGGTGCTTCTTCGACTCAAATACAGGCAAGTTTAAAGCATTACATTACGTAATCATATACGGCAGTATGGTTAAGGTTTCTGTGTAGTCTGTGACTTCCATGTCAAAATGTTGCACAAGCCAGTTGTCAGTGACAGTTGCCATCCCACACTGCTGTTCTCCTGTCATCCCTAGCCCCCA,ACTGGCAGCTATGGAATGTGCCTTTCCTAAGGAATTTGCTAATAGATGCCTAAGCCCAGAAAGGGTGCTTCTTCAACTAAAATACAGGCAAGTTTAAAGCATTACATTACGTAATCATATACGGCAGTATGGTTAAGGTTTCTGTGTAGTCTGTGACTTCCATGTCAAAATGTTGCACAAGCCAGTTGTCAGTGACAGTTGCCATCCCACACTGCTGTTCTCCTGTCATCCCTAGCCCCCA,0,0,0,110.0,112.0,140.0,100.0,9.0,160.0,20.0,12,3,8.0,6.0,6,109.0,110.0,150.0,109.0,10.0,189.0,20.0,20.0,3.0,8.0,6.0,4.0
ACTGGCAGCTATGGAATGTGCCTTTCCTAAGGAATTTGCTAATAGATGCCTAAGCCCAGAAAGGGTGCTTCTTCAACTAAAATACAGGCAAGTTTAAAGCATTACATTACGTAATCATATACGGCAGTATGGTTAAGGTTTCTGTGTAGTCTGTGACTTCCATGTCAAAATGTTGCACAAGCTAGTTGTCAGTGACAGTTGCCATCCCACACTGCTGTTCTCCTGTCATCCCTAGCCCCCA,ACTGGCAGCTATGGAATGTGCCTTTCCTAAGGAATTTGCTAATAGATGCCTAAGCCCAGAAAGGGTGCTTCTTCAACTAAAATACAGGCAAGTTTAAAGCATTACATTACGTAATCATATACGGCAGTATGGTTAAGGTTTCTGTGTAGTCTGTGACTTCCATGTCAAAATGTTGCACAAGCCAGTTGTCAGTGACAGTTGCCATCCCACACTGCTGTTCTCCTGTCATCCCTAGCCCCCA,0,0,0,1.0,1.0,1.0,1.0,1.0,1.0,1.0,1,1,900.0,1.0,1,1.0,1.0,1.0,1.0,1.0,1.0,1.0,1.0,1.0,1.0,1.0,1.0
ACTGGCAGCTATGGAATGTGCCTTTCCTAAGGAATTTGCTAATAGATGCCTAAGCCCAGAAAGGGTGCTTCTTCTACTAAAATACAGGCAAGTTTAAAGCATTACATTACGTAATCATATACGGCAGTATGGTTAAGGTTTCTGTGTAGTCTGTGACTTCCATGTCAAAATGTTGCACAAGCCAGTTGTCAGTGACAGTTGCCATCCCACACTGCTGTTCTCCTGTCATCCCTAGCCCCCA,ACTGGCAGCTATGGAATGTGCCTTTCCTAAGGAATTTGCTAATAGATGCCTAAGCCCAGAAAGGGTGCTTCTTCAACTAAAATACAGGCAAGTTTAAAGCATTACATTACGTAATCATATACGGCAGTATGGTTAAGGTTTCTGTGTAGTCTGTGACTTCCATGTCAAAATGTTGCACAAGCCAGTTGTCAGTGACAGTTGCCATCCCACACTGCTGTTCTCCTGTCATCCCTAGCCCCCA,0,0,0,1.0,1.0,1.0,1.0,1.0,1.0,1.0,1,1,880.0,1.0,1,1.0,1.0,1.0,1.0,1.0,1.0,1.0,1.0,1.0,1.0,1.0,1.0
ACTGGCAGCTATGGAATGTGCCTTTCCTAAGGAATTTGCTAATAGATGCCTAAGCCCAGAAAGGGTGTTTCTTCAGCTCAAATACAGGCAAGTTTAAAGCATTACATTACGTAATCATATACGGCAGTATGGTTAAGGTTTCTGTGTAGTCTGTGACTTCCATGTCAAAATGTTGCACAAGCCAGTTGTCAGTGACAGTTGCCATCCCACACTGCTGTTCTCCTGTCATCCCTAGCCCCCA,ACTGGCAGCTATGGAATGTGCCTTTCCTAAGGAATTTGCTAATAGATGCCTAAGCCCAGAAAGGGTGCTTCTTCAACTAAAATACAGGCAAGTTTAAAGCATTACATTACGTAATCATATACGGCAGTATGGTTAAGGTTTCTGTGTAGTCTGTGACTTCCATGTCAAAATGTTGCACAAGCCAGTTGTCAGTGACAGTTGCCATCCCACACTGCTGTTCTCCTGTCATCCCTAGCCCCCA,0,0,0,4.0,13.0,14.0,13.0,12.0,10.0,6.0,10,3,7.0,11.0,8,13.0,13.0,13.0,13.0,13.0,13.0,6.0,90.0,3.0,7.0,11.0,4.0
ACTGGCAGCTATGGAATGTGCCTTTCCTAAGGAATTTGCTAATAGATGCCTAAGCCCAGAAAGGGTGCTTTTTCAGCTCAAATACAGGCAAGTTTAAAGCATTACATTACGTAATCATATACGGCAGTATGGTTAAGGTTTCTGTGTAGTCTGTGACTTCCATGTCAAAATGTTGCACAAGCCAGTTGTCAGTGACAGTTGCCATCCCACACTGCTGTTCTCCTGTCATCCCTAGCCCCCA,ACTGGCAGCTATGGAATGTGCCTTTCCTAAGGAATTTGCTAATAGATGCCTAAGCCCAGAAAGGGTGCTTCTTCAACTAAAATACAGGCAAGTTTAAAGCATTACATTACGTAATCATATACGGCAGTATGGTTAAGGTTTCTGTGTAGTCTGTGACTTCCATGTCAAAATGTTGCACAAGCCAGTTGTCAGTGACAGTTGCCATCCCACACTGCTGTTCTCCTGTCATCCCTAGCCCCCA,0,0,0,3.0,3.0,3.0,3.0,3.0,3.0,3.0,3,3,3.0,100.0,3,3.0,3.0,3.0,3.0,3.0,3.0,3.0,3.0,3.0,3.0,100.0,3.0
ACTGGCAGCTATGGAATGTGCCTTTCCTAAGGAATTTGCTAATAGATGCCTAAGCCCAGAAAGGGTGCTGCTTCAGCTCAAATACAGGCAAGTTTAAAGCATTACATTACGTAATCATATACGGCAGTATGGTTAAGGTTTCTGTGTAGTCTGTGACTTCCATGTCAAAATGTTGCACAAGCCAGTTGTCAGTGACAGTTGCCATCCCACACTGCTGTTCTCCTGTCATCCCTAGCCCCCA,ACTGGCAGCTATGGAATGTGCCTTTCCTAAGGAATTTGCTAATAGATGCCTAAGCCCAGAAAGGGTGCTTCTTCAACTAAAATACAGGCAAGTTTAAAGCATTACATTACGTAATCATATACGGCAGTATGGTTAAGGTTTCTGTGTAGTCTGTGACTTCCATGTCAAAATGTTGCACAAGCCAGTTGTCAGTGACAGTTGCCATCCCACACTGCTGTTCTCCTGTCATCCCTAGCCCCCA,0,0,0,3.0,3.0,3.0,10.0,3.0,3.0,3.0,3,3,10.0,80.0,3,3.0,3.0,3.0,10.0,3.0,3.0,3.0,3.0,3.0,10.0,80.0,3.0
ACTGGCAGCTATGGAATGTGCCTTTCCTAAGGAATTTGCTAATAGATGCCTAAGCCCAGAAAGGGTGCTTCTTCAACTAAAATACAGGCAAGTTTAAAGCATTACATTACGTAATCATATACGGCAGTATGGTTAAGGTTTCTGTGTAGTCTGTGACTTCCATGTCAAAATGTTGCACAAGCCAGTTGTTAGTGACAGTTGCCATCCCACACTGCTGTTCTCCTGTCATCCCTAGCCCCCA,ACTGGCAGCTATGGAATGTGCCTTTCCTAAGGAATTTGCTAATAGATGCCTAAGCCCAGAAAGGGTGCTTCTTCAACTAAAATACAGGCAAGTTTAAAGCATTACATTACGTAATCATATACGGCAGTATGGTTAAGGTTTCTGTGTAGTCTGTGACTTCCATGTCAAAATGTTGCACAAGCCAGTTGTCAGTGACAGTTGCCATCCCACACTGCTGTTCTCCTGTCATCCCTAGCCCCCA,0,0,0,1.0,1.0,1.0,1.0,1.0,1.0,1.0,1,1,220.0,1.0,1,1.0,1.0,1.0,1.0,1.0,1.0,1.0,1.0,1.0,1.0,1.0,1.0
ACTGGCAGCTATGGAATGTGCCTTTCCTAAGGAATTTGCTAATAGATGCCTAAGCCCAGAAAGGGTGCTTCTTCAACTAAAATACAGGCAAGTTTAAAGCATTACATTACGTAATCATATACGGCAGTATGGTTAAGGTTTCTGTGTAGTCTGTGACTTCCATGTCAAAATGTTGCACAAGCCAGTTGTCAGTGACAGTTGCCATCCCACACTGCTGTTCTCCTGTCATCCCTAGCCCCCC,ACTGGCAGCTATGGAATGTGCCTTTCCTAAGGAATTTGCTAATAGATGCCTAAGCCCAGAAAGGGTGCTTCTTCAACTAAAATACAGGCAAGTTTAAAGCATTACATTACGTAATCATATACGGCAGTATGGTTAAGGTTTCTGTGTAGTCTGTGACTTCCATGTCAAAATGTTGCACAAGCCAGTTGTCAGTGACAGTTGCCATCCCACACTGCTGTTCTCCTGTCATCCCTAGCCCCCA,0,0,0,5.0,7.0,6.0,7.0,5.0,5.0,1.0,7,2,7.0,5.0,5,7.0,7.0,7.0,7.0,7.0,7.0,1.0,7.0,2.0,7.0,5.0,3.0
ACTGGCAGCTATGGAATGTGCCTTTCCTAAGGAATTTGCTAATAGATGCCTAAGCCCAGAAAGGGTGCTTGCCCAGCTCAAATACAGGCAAGTTTAAAGCATTACATTACGTAATCATATACGGCAGTATGGTTAAGGTTTCTGTGTAGTCTGTGACTTCCATGTCAAAATGTTGCACAAGCCAGTTGTCAGTGACAGTTGCCATCCCACACTGCTGTTCTCCTGTCATCCCTAGCCCCCA,ACTGGCAGCTATGGAATGTGCCTTTCCTAAGGAATTTGCTAATAGATGCCTAAGCCCAGAAAGGGTGCTTCTTCAACTAAAATACAGGCAAGTTTAAAGCATTACATTACGTAATCATATACGGCAGTATGGTTAAGGTTTCTGTGTAGTCTGTGACTTCCATGTCAAAATGTTGCACAAGCCAGTTGTCAGTGACAGTTGCCATCCCACACTGCTGTTCTCCTGTCATCCCTAGCCCCCA,0,0,0,2.0,6.0,5.0,6.0,5.0,6.0,7.0,6,3,6.0,5.0,6,6.0,6.0,6.0,6.0,6.0,6.0,7.0,6.0,3.0,6.0,5.0,3.0
ACTGGCAGCTATGGAATGTGCCTTTCCTAAGGAATTTGCTAATAGATGCCTAAGCCCAAGAAAGGGTGCTTGCCCAGCTCAAATACAGGCAAGTTTAAAGCATTACATTACGTAATCATATACGGCAGTATGGTTAAGGTTTCTGTGTAGTCTGTGACTTCCATGTCAAAATGTTGCACAAGCCAGTTGTCAGTGACAGTTGCCATCCCACACTGCTGTTCTCCTGTCATCCCTAGCCCCCA,ACTGGCAGCTATGGAATGTGCCTTTCCTAAGGAATTTGCTAATAGATGCCTAAGCCCA-GAAAGGGTGCTTCTTCAACTAAAATACAGGCAAGTTTAAAGCATTACATTACGTAATCATATACGGCAGTATGGTTAAGGTTTCTGTGTAGTCTGTGACTTCCATGTCAAAATGTTGCACAAGCCAGTTGTCAGTGACAGTTGCCATCCCACACTGCTGTTCTCCTGTCATCCCTAGCCCCCA,0,1,0,20.0,4.0,1.0,6.0,2.0,2.0,20.0,4,1,6.0,2.0,2,2.0,4.0,1.0,6.0,2.0,2.0,20.0,4.0,1.0,6.0,2.0,2.0
ACTGGCAGCTATGGAATGTGCCTTTCCTAAGGAATTTGCTAATAGATGCCTAAGCCCAGAAAGGGTGCTTCTTCAACTCAAATACAGGCAAGTTTAAAGCATTACATTACGTAATCATATACGGCAGTATGGTTAAGGTTTCTGTGTAGTCTGTGACTTCCATGTCAAAATGTTGCACAAGCCAGTTGTCAGTGACAGTTGCCATCCCACACTGCTGTTCTCCTGTCATCCCTAGCCCCCA,ACTGGCAGCTATGGAATGTGCCTTTCCTAAGGAATTTGCTAATAGATGCCTAAGCCCAGAAAGGGTGCTTCTTCAACTAAAATACAGGCAAGTTTAAAGCATTACATTACGTAATCATATACGGCAGTATGGTTAAGGTTTCTGTGTAGTCTGTGACTTCCATGTCAAAATGTTGCACAAGCCAGTTGTCAGTGACAGTTGCCATCCCACACTGCTGTTCTCCTGTCATCCCTAGCCCCCA,0,0,0,5.0,4.0,5.0,5.0,5.0,5.0,7.0,4,5,5.0,5.0,5,5.0,5.0,5.0,5.0,5.0,5.0,7.0,4.0,5.0,5.0,5.0,5.0
ACTGGCAGCTATGGAATGTGCCTTTCCTAAGGAATTTGCTAATAGATGCCTAAGCCCAGAAAGGGTCCTTCTTCAGCTCAAATACAGGCAAGTTTAAAGCATTACATTACGTAATCATATACGGCAGTATGGTTAAGGTTTCTGTGTAGTCTGTGACTTCCATGTCAAAATGTTGCACAAGCCAGTTGTCAGTGACAGTTGCCATCCCACACTGCTGTTCTCCTGTCATCCCTAGCCCCCA,ACTGGCAGCTATGGAATGTGCCTTTCCTAAGGAATTTGCTAATAGATGCCTAAGCCCAGAAAGGGTGCTTCTTCAACTAAAATACAGGCAAGTTTAAAGCATTACATTACGTAATCATATACGGCAGTATGGTTAAGGTTTCTGTGTAGTCTGTGACTTCCATGTCAAAATGTTGCACAAGCCAGTTGTCAGTGACAGTTGCCATCCCACACTGCTGTTCTCCTGTCATCCCTAGCCCCCA,0,0,0,4.0,7.0,5.0,5.0,5.0,5.0,2.0,7,5,5.0,5.0,5,5.0,5.0,5.0,5.0,5.0,5.0,2.0,7.0,5.0,5.0,5.0,5.0
ACTGGCAGCTATGGAATGTGCCTTTCCTAAGGAATTTGCTAATAGATGCCTAAGCCCAGAAAGGGTGCTTCTTCTACTCAAATACAGGCAAGTTTAAAGCATTACATTACGTAATCATATACGGCAGTATGGTTAAGGTTTCTGTGTAGTCTGTGACTTCCATGTCAAAATGTTGCACAAGCCAGTTGTCAGTGACAGTTGCCATCCCACACTGCTGTTCTCCTGTCATCCCTAGCCCCCA,ACTGGCAGCTATGGAATGTGCCTTTCCTAAGGAATTTGCTAATAGATGCCTAAGCCCAGAAAGGGTGCTTCTTCAACTAAAATACAGGCAAGTTTAAAGCATTACATTACGTAATCATATACGGCAGTATGGTTAAGGTTTCTGTGTAGTCTGTGACTTCCATGTCAAAATGTTGCACAAGCCAGTTGTCAGTGACAGTTGCCATCCCACACTGCTGTTCTCCTGTCATCCCTAGCCCCCA,0,0,0,5.0,2.0,5.0,5.0,5.0,5.0,5.0,2,5,5.0,5.0,5,5.0,5.0,5.0,5.0,5.0,5.0,5.0,2.0,5.0,5.0,5.0,5.0
ACTG-CAGCTATGGAATGTGCCTTTCCTAAGGAATTTGCTAATAGATGCCTAAGCCCAGAAAGGGTGCTTCTTCAACTAAAATACAGGCAAGTTTAAAGCATTACATTACGTAATCATATACGGCAGTATGGTTAAGGTTTCTGTGTAGTCTGTGACTTCCATGTCAAAATGTTGCACAAGCCAGTTGTCAGTGACAGTTGCCATCCCACACTGCTGTTCTCCTGTCATCCCTAGCCCCCA,ACTGGCAGCTATGGAATGTGCCTTTCCTAAGGAATTTGCTAATAGATGCCTAAGCCCAGAAAGGGTGCTTCTTCAACTAAAATACAGGCAAGTTTAAAGCATTACATTACGTAATCATATACGGCAGTATGGTTAAGGTTTCTGTGTAGTCTGTGACTTCCATGTCAAAATGTTGCACAAGCCAGTTGTCAGTGACAGTTGCCATCCCACACTGCTGTTCTCCTGTCATCCCTAGCCCCCA,0,0,0,2.0,2.0,2.0,2.0,2.0,2.0,2.0,2,2,2.0,60.0,2,2.0,2.0,2.0,2.0,2.0,2.0,2.0,2.0,2.0,2.0,2.0,2.0
ACTGGCAGCTATGGAATGTGCCTTTCCTAAGGAATTTGCTAATAGATGCCTAAGCCCAAGAAAGGGTGCTTCTTCAACTAAAATACAGGCAAGTTTAAAGCATTACATTACGTAATCATATACGGCAGTATGGTTAAGGTTTCTGTGTAGTCTGTGACTTCCATGTCAAAATGTTGCACAAGCCAGTTGTCAGTGACAGTTGCCATCCCACACTGCTGTTCTCCTGTCATCCCTAGCCCCCA,ACTGGCAGCTATGGAATGTGCCTTTCCTAAGGAATTTGCTAATAGATGCCTAAGCCCA-GAAAGGGTGCTTCTTCAACTAAAATACAGGCAAGTTTAAAGCATTACATTACGTAATCATATACGGCAGTATGGTTAAGGTTTCTGTGTAGTCTGTGACTTCCATGTCAAAATGTTGCACAAGCCAGTTGTCAGTGACAGTTGCCATCCCACACTGCTGTTCTCCTGTCATCCCTAGCCCCCA,0,1,0,3.0,3.0,3.0,10.0,3.0,3.0,3.0,3,3,10.0,3.0,3,3.0,3.0,3.0,10.0,3.0,3.0,3.0,3.0,3.0,10.0,3.0,3.0
ACTGGCAGCTATGGAATGTGCCTTTCCTAAGGAATTTGCTAATAGATGCCTAAGCCCAGAAAGGATGCTTCTTCAGCTCAAATACAGGCAAGTTTAAAGCATTACATTACGTAATCATATACGGCAGTATGGTTAAGGTTTCTGTGTAGTCTGTGACTTCCATGTCAAAATGTTGCACAAGCCAGTTGTCAGTGACAGTTGCCATCCCACACTGCTGTTCTCCTGTCATCCCTAGCCCCCA,ACTGGCAGCTATGGAATGTGCCTTTCCTAAGGAATTTGCTAATAGATGCCTAAGCCCAGAAAGGGTGCTTCTTCAACTAAAATACAGGCAAGTTTAAAGCATTACATTACGTAATCATATACGGCAGTATGGTTAAGGTTTCTGTGTAGTCTGTGACTTCCATGTCAAAATGTTGCACAAGCCAGTTGTCAGTGACAGTTGCCATCCCACACTGCTGTTCTCCTGTCATCCCTAGCCCCCA,0,0,0,4.0,5.0,4.0,4.0,4.0,4.0,4.0,5,4,4.0,4.0,4,4.0,4.0,4.0,4.0,4.0,4.0,4.0,5.0,4.0,4.0,4.0,4.0
ACTGGCAGCTATGGAATGTGCCTTTCCTAAGGAATTTGCTAATAGATGCCTAAGCCCAGAAAGGGTGGCCCTTCAGCTCAAATACAGGCAAGTTTAAAGCATTACATTACGTAATCATATACGGCAGTATGGTTAAGGTTTCTGTGTAGTCTGTGACTTCCATGTCAAAATGTTGCACAAGCCAGTTGTCAGTGACAGTTGCCATCCCACACTGCTGTTCTCCTGTCATCCCTAGCCCCCA,ACTGGCAGCTATGGAATGTGCCTTTCCTAAGGAATTTGCTAATAGATGCCTAAGCCCAGAAAGGGTGCTTCTTCAACTAAAATACAGGCAAGTTTAAAGCATTACATTACGTAATCATATACGGCAGTATGGTTAAGGTTTCTGTGTAGTCTGTGACTTCCATGTCAAAATGTTGCACAAGCCAGTTGTCAGTGACAGTTGCCATCCCACACTGCTGTTCTCCTGTCATCCCTAGCCCCCA,0,0,0,4.0,4.0,4.0,4.0,4.0,4.0,4.0,4,4,4.0,4.0,4,4.0,4.0,4.0,4.0,4.0,4.0,4.0,4.0,4.0,4.0,4.0,4.0
ACTGGCAGCTATGGAATGTGCCTTTCCTAAGGAATTTGCTAATAGATGCCTAAGCCCAAGAAAGGGTGCTTCTGCAGCTCAAATACAGGCAAGTTTAAAGCATTACATTACGTAATCATATACGGCAGTATGGTTAAGGTTTCTGTGTAGTCTGTGACTTCCATGTCAAAATGTTGCACAAGCCAGTTGTCAGTGACAGTTGCCATCCCACACTGCTGTTCTCCTGTCATCCCTAGCCCCCA,ACTGGCAGCTATGGAATGTGCCTTTCCTAAGGAATTTGCTAATAGATGCCTAAGCCCA-GAAAGGGTGCTTCTTCAACTAAAATACAGGCAAGTTTAAAGCATTACATTACGTAATCATATACGGCAGTATGGTTAAGGTTTCTGTGTAGTCTGTGACTTCCATGTCAAAATGTTGCACAAGCCAGTTGTCAGTGACAGTTGCCATCCCACACTGCTGTTCTCCTGTCATCCCTAGCCCCCA,0,1,0,2.0,7.0,5.0,2.0,2.0,10.0,2.0,7,5,2.0,2.0,10,2.0,2.0,2.0,2.0,2.0,2.0,2.0,7.0,5.0,2.0,2.0,10.0
ACTGGCAGCTATGGAATGTGCCTTTCCTAAGGAATTTGCTAATAGATGCCTAAGCCCAGAAAGGGTGCTTCTTCAACTAAAATACAGGCAAGTTTAAAGCATTACATTACGTAATCATATACGGCAGTATGGTTAAGGTTTCTGTGTAGTCTGTGACTTCCATGTCAAAATGTTGCACAAGCCAGTTGTCAGTGACAGTTGCCATCCCACACTGCTGTTCTCCTGTCATCC-TAGCCCCCA,ACTGGCAGCTATGGAATGTGCCTTTCCTAAGGAATTTGCTAATAGATGCCTAAGCCCAGAAAGGGTGCTTCTTCAACTAAAATACAGGCAAGTTTAAAGCATTACATTACGTAATCATATACGGCAGTATGGTTAAGGTTTCTGTGTAGTCTGTGACTTCCATGTCAAAATGTTGCACAAGCCAGTTGTCAGTGACAGTTGCCATCCCACACTGCTGTTCTCCTGTCATCCCTAGCCCCCA,0,0,0,1.0,1.0,1.0,1.0,1.0,1.0,1.0,1,1,1.0,70.0,1,1.0,1.0,1.0,1.0,1.0,1.0,1.0,1.0,1.0,1.0,2.0,1.0
ACTGGCAGCTATGGAATGTGCCTTTCCTAAGGAATTTGCTAATAGATGCCTAAGCCCAGAAAGGGTGCTTCTTCAACTAAAATACAGGCAAGTTTAAAGCATTACATTACGTAATCATATACGGCAGTATGGTTAAGGTTTCTGTGTAGTCTGTGACTTCCATGTCAAAATGTTGCACAAGCCAGTTGTCAGTGACAGTTGCCATCCCACACTGCTGTTCTCCTGTCATCCCTAGCCCCA-,ACTGGCAGCTATGGAATGTGCCTTTCCTAAGGAATTTGCTAATAGATGCCTAAGCCCAGAAAGGGTGCTTCTTCAACTAAAATACAGGCAAGTTTAAAGCATTACATTACGTAATCATATACGGCAGTATGGTTAAGGTTTCTGTGTAGTCTGTGACTTCCATGTCAAAATGTTGCACAAGCCAGTTGTCAGTGACAGTTGCCATCCCACACTGCTGTTCTCCTGTCATCCCTAGCCCCCA,0,0,0,4.0,1.0,4.0,4.0,4.0,4.0,4.0,1,4,4.0,4.0,4,4.0,4.0,4.0,4.0,4.0,4.0,4.0,1.0,4.0,4.0,4.0,4.0
ACTGGCAGCTATGGAATGTGCCTTTCCTAAGGAATTTGCTAATAGATGCCTAAGCCCAGAAAGGGTGCTTCTTCAGCTCAAATACAGGCAAGTTTAAAGCATTACATTACGTAATCATATACGGCAGTATGGTTAAGGTTTCTGTGTAGTCTGTGACTTCCATGTCAAAATGTTGCACAAGCCAGTTGTCAGTGACAGTTGCCATCCCACACTGCTGTTCTCCTGTCATCCCTAGCCCCA-,ACTGGCAGCTATGGAATGTGCCTTTCCTAAGGAATTTGCTAATAGATGCCTAAGCCCAGAAAGGGTGCTTCTTCAACTAAAATACAGGCAAGTTTAAAGCATTACATTACGTAATCATATACGGCAGTATGGTTAAGGTTTCTGTGTAGTCTGTGACTTCCATGTCAAAATGTTGCACAAGCCAGTTGTCAGTGACAGTTGCCATCCCACACTGCTGTTCTCCTGTCATCCCTAGCCCCCA,0,0,0,2.0,6.0,4.0,2.0,2.0,7.0,2.0,6,4,2.0,2.0,7,2.0,2.0,2.0,2.0,2.0,2.0,2.0,6.0,4.0,2.0,2.0,7.0
ACTGGCAGCTATGGAATGTGCCTTTCCTAAGGAATTTGCTAATAGATGCCTAAGCCCAAGAAAGGGTCCTTCTTCAGCTCAAATACAGGCAAGTTTAAAGCATTACATTACGTAATCATATACGGCAGTATGGTTAAGGTTTCTGTGTAGTCTGTGACTTCCATGTCAAAATGTTGCACAAGCCAGTTGTCAGTGACAGTTGCCATCCCACACTGCTGTTCTCCTGTCATCCCTAGCCCCCA,ACTGGCAGCTATGGAATGTGCCTTTCCTAAGGAATTTGCTAATAGATGCCTAAGCCCA-GAAAGGGTGCTTCTTCAACTAAAATACAGGCAAGTTTAAAGCATTACATTACGTAATCATATACGGCAGTATGGTTAAGGTTTCTGTGTAGTCTGTGACTTCCATGTCAAAATGTTGCACAAGCCAGTTGTCAGTGACAGTTGCCATCCCACACTGCTGTTCTCCTGTCATCCCTAGCCCCCA,0,1,0,3.0,2.0,4.0,5.0,3.0,3.0,3.0,2,4,5.0,3.0,3,3.0,2.0,4.0,5.0,3.0,3.0,3.0,2.0,4.0,5.0,3.0,3.0
ACTGGCAGCTATGGAATGTGCCTTTCCTAAGGAATTTGCTAATAGATGCCTAAGCCCAGAAAGGGTGCTTCTTGCCCTCAAATACAGGCAAGTTTAAAGCATTACATTACGTAATCATATACGGCAGTATGGTTAAGGTTTCTGTGTAGTCTGTGACTTCCATGTCAAAATGTTGCACAAGCCAGTTGTCAGTGACAGTTGCCATCCCACACTGCTGTTCTCCTGTCATCCCTAGCCCCCC,ACTGGCAGCTATGGAATGTGCCTTTCCTAAGGAATTTGCTAATAGATGCCTAAGCCCAGAAAGGGTGCTTCTTCAACTAAAATACAGGCAAGTTTAAAGCATTACATTACGTAATCATATACGGCAGTATGGTTAAGGTTTCTGTGTAGTCTGTGACTTCCATGTCAAAATGTTGCACAAGCCAGTTGTCAGTGACAGTTGCCATCCCACACTGCTGTTCTCCTGTCATCCCTAGCCCCCA,0,0,0,2.0,2.0,2.0,2.0,2.0,2.0,2.0,2,2,2.0,30.0,2,2.0,2.0,2.0,2.0,2.0,2.0,2.0,2.0,2.0,2.0,5.0,2.0
ACTGGCAGCTATGGAATGTGCCTTTCCTAAGGAATTTGCTAATAGATGCCTAAGCCCAAGAAAGGGTGCTGCTTCAGCTCAAATACAGGCAAGTTTAAAGCATTACATTACGTAATCATATACGGCAGTATGGTTAAGGTTTCTGTGTAGTCTGTGACTTCCATGTCAAAATGTTGCACAAGCCAGTTGTCAGTGACAGTTGCCATCCCACACTGCTGTTCTCCTGTCATCCCTAGCCCCCA,ACTGGCAGCTATGGAATGTGCCTTTCCTAAGGAATTTGCTAATAGATGCCTAAGCCCA-GAAAGGGTGCTTCTTCAACTAAAATACAGGCAAGTTTAAAGCATTACATTACGTAATCATATACGGCAGTATGGTTAAGGTTTCTGTGTAGTCTGTGACTTCCATGTCAAAATGTTGCACAAGCCAGTTGTCAGTGACAGTTGCCATCCCACACTGCTGTTCTCCTGTCATCCCTAGCCCCCA,0,1,0,2.0,2.0,5.0,2.0,5.0,5.0,2.0,2,5,2.0,5.0,5,2.0,2.0,5.0,2.0,2.0,2.0,2.0,2.0,5.0,2.0,5.0,5.0
ACTGGCAGCTATGGAATGTGCCTTTCCTAAGGAATTTGCTAATAGATGCCTAAGCCCAAGAAAGGGTGTTTCTTCAGCTCAAATACAGGCAAGTTTAAAGCATTACATTACGTAATCATATACGGCAGTATGGTTAAGGTTTCTGTGTAGTCTGTGACTTCCATGTCAAAATGTTGCACAAGCCAGTTGTCAGTGACAGTTGCCATCCCACACTGCTGTTCTCCTGTCATCCCTAGCCCCCA,ACTGGCAGCTATGGAATGTGCCTTTCCTAAGGAATTTGCTAATAGATGCCTAAGCCCA-GAAAGGGTGCTTCTTCAACTAAAATACAGGCAAGTTTAAAGCATTACATTACGTAATCATATACGGCAGTATGGTTAAGGTTTCTGTGTAGTCTGTGACTTCCATGTCAAAATGTTGCACAAGCCAGTTGTCAGTGACAGTTGCCATCCCACACTGCTGTTCTCCTGTCATCCCTAGCCCCCA,0,1,0,2.0,5.0,3.0,2.0,2.0,6.0,2.0,5,3,2.0,2.0,6,2.0,2.0,2.0,2.0,2.0,2.0,2.0,5.0,3.0,2.0,2.0,6.0
ACTGGCAGCTATGGAATGTGCCTTTCCTAAGGAATTTGCTAATAGATGCCTAAGCCCAAGAAAGGGTGGCCCTTCAGCTCAAATACAGGCAAGTTTAAAGCATTACATTACGTAATCATATACGGCAGTATGGTTAAGGTTTCTGTGTAGTCTGTGACTTCCATGTCAAAATGTTGCACAAGCCAGTTGTCAGTGACAGTTGCCATCCCACACTGCTGTTCTCCTGTCATCCCTAGCCCCCA,ACTGGCAGCTATGGAATGTGCCTTTCCTAAGGAATTTGCTAATAGATGCCTAAGCCCA-GAAAGGGTGCTTCTTCAACTAAAATACAGGCAAGTTTAAAGCATTACATTACGTAATCATATACGGCAGTATGGTTAAGGTTTCTGTGTAGTCTGTGACTTCCATGTCAAAATGTTGCACAAGCCAGTTGTCAGTGACAGTTGCCATCCCACACTGCTGTTCTCCTGTCATCCCTAGCCCCCA,0,1,0,2.0,1.0,5.0,2.0,2.0,8.0,2.0,1,5,2.0,2.0,8,2.0,2.0,2.0,2.0,2.0,2.0,2.0,1.0,5.0,2.0,2.0,8.0
ACTGGCAGCTATGGAATGTGCCTTTCCTAAGGAATTTGCTAATAGATGCCTAAGCCCAAGAAAGGATGCTTCTTCAGCTCAAATACAGGCAAGTTTAAAGCATTACATTACGTAATCATATACGGCAGTATGGTTAAGGTTTCTGTGTAGTCTGTGACTTCCATGTCAAAATGTTGCACAAGCCAGTTGTCAGTGACAGTTGCCATCCCACACTGCTGTTCTCCTGTCATCCCTAGCCCCCA,ACTGGCAGCTATGGAATGTGCCTTTCCTAAGGAATTTGCTAATAGATGCCTAAGCCCA-GAAAGGGTGCTTCTTCAACTAAAATACAGGCAAGTTTAAAGCATTACATTACGTAATCATATACGGCAGTATGGTTAAGGTTTCTGTGTAGTCTGTGACTTCCATGTCAAAATGTTGCACAAGCCAGTTGTCAGTGACAGTTGCCATCCCACACTGCTGTTCTCCTGTCATCCCTAGCCCCCA,0,1,0,2.0,4.0,1.0,2.0,2.0,9.0,2.0,4,1,2.0,2.0,9,2.0,2.0,2.0,2.0,2.0,2.0,2.0,4.0,1.0,2.0,2.0,9.0
ACTGGCAGCTATGGAATGTGCCTTTCCTAAGGAATTTGCTAATAGATGCCTAAGCCCAAGAAAGGGTGCTTCTTCAACTAA--TACAGGCAAGTTTAAAGCATTACATTACGTAATCATATACGGCAGTATGGTTAAGGTTTCTGTGTAGTCTGTGACTTCCATGTCAAAATGTTGCACAAGCCAGTTGTCAGTGACAGTTGCCATCCCACACTGCTGTTCTCCTGTCATCCCTAGCCCCCA,ACTGGCAGCTATGGAATGTGCCTTTCCTAAGGAATTTGCTAATAGATGCCTAAGCCCA-GAAAGGGTGCTTCTTCAACTAAAATACAGGCAAGTTTAAAGCATTACATTACGTAATCATATACGGCAGTATGGTTAAGGTTTCTGTGTAGTCTGTGACTTCCATGTCAAAATGTTGCACAAGCCAGTTGTCAGTGACAGTTGCCATCCCACACTGCTGTTCTCCTGTCATCCCTAGCCCCCA,2,1,0,2.0,10.0,2.0,2.0,2.0,2.0,2.0,10,2,2.0,2.0,2,2.0,2.0,2.0,2.0,2.0,2.0,2.0,10.0,2.0,2.0,2.0,2.0
ACTGGCAGCTATGGAATGTGCCTTTCCTAAGGAATTTGCTAATAGATGCCTAAGCCCAAGAAAGGGTGCTTCTTGCCCTCAAATACAGGCAAGTTTAAAGCATTACATTACGTAATCATATACGGCAGTATGGTTAAGGTTTCTGTGTAGTCTGTGACTTCCATGTCAAAATGTTGCACAAGCCAGTTGTCAGTGACAGTTGCCATCCCACACTGCTGTTCTCCTGTCATCCCTAGCCCCCA,ACTGGCAGCTATGGAATGTGCCTTTCCTAAGGAATTTGCTAATAGATGCCTAAGCCCA-GAAAGGGTGCTTCTTCAACTAAAATACAGGCAAGTTTAAAGCATTACATTACGTAATCATATACGGCAGTATGGTTAAGGTTTCTGTGTAGTCTGTGACTTCCATGTCAAAATGTTGCACAAGCCAGTTGTCAGTGACAGTTGCCATCCCACACTGCTGTTCTCCTGTCATCCCTAGCCCCCA,0,1,0,2.0,9.0,2.0,2.0,2.0,2.0,2.0,9,2,2.0,2.0,2,2.0,2.0,2.0,2.0,2.0,2.0,2.0,9.0,2.0,2.0,2.0,2.0
ACTGGCAGCTATGGAATGTGCCTTTCCTAAGGAATTTGCTAATAGATGCCTAAGCCCAAGAAAGGGTGCTTCTTCAGCTCAAATACAGGCAAGTTTAAAGCATTACATTACGTAATCATATACGGCAGTATGGTTAAGGTTTCTGTGTAGTCTGTGACTTCCATGTCAAAATGTTGCACAAGCCAGTTGTCAGTGACAGTTGCCATCCCACACTGCTGTTCTCCTGTCATCCCTAGCCCCCA,ACTGGCAGCTATGGAATGTGCCTTTCCTAAGGAATTTGCTAATAGATGCCTAAGCCCA-GAAAGGGTGCTTCTTCAACTAAAATACAGGCAAGTTTAAAGCATTACATTACGTAATCATATACGGCAGTATGGTTAAGGTTTCTGTGTAGTCTGTGACTTCCATGTCAAAATGTTGCACAAGCCAGTTGTCAGTGACAGTTGCCATCCCACACTGCTGTTCTCCTGTCATCCCTAGCCCCCA,0,1,0,3.0,3.0,2.0,3.0,3.0,3.0,3.0,3,2,3.0,3.0,3,3.0,3.0,2.0,3.0,3.0,3.0,3.0,3.0,2.0,3.0,3.0,3.0
ACTGGCAGCTATGGAATGTGCCTTTCCTAAGGAATTTGCTAATAGATGCCTAAGCCCAAGAAAGGGTGCTTCTTCAACTAAAAATACAGGCAAGTTTAAAGCATTACATTACGTAATCATATACGGCAGTATGGTTAAGGTTTCTGTGTAGTCTGTGACTTCCATGTCAAAATGTTGCACAAGCCAGTTGTCAGTGACAGTTGCCATCCCACACTGCTGTTCTCCTGTCATCCCTAGCCCCCA,ACTGGCAGCTATGGAATGTGCCTTTCCTAAGGAATTTGCTAATAGATGCCTAAGCCCA-GAAAGGGTGCTTCTTCAACTAAAA-TACAGGCAAGTTTAAAGCATTACATTACGTAATCATATACGGCAGTATGGTTAAGGTTTCTGTGTAGTCTGTGACTTCCATGTCAAAATGTTGCACAAGCCAGTTGTCAGTGACAGTTGCCATCCCACACTGCTGTTCTCCTGTCATCCCTAGCCCCCA,0,2,0,3.0,1.0,3.0,4.0,3.0,3.0,3.0,1,3,4.0,3.0,3,3.0,1.0,3.0,4.0,3.0,3.0,3.0,1.0,3.0,4.0,3.0,3.0
ACTGGCAGCTATGGAATGTGCCTTTCCTAAGGAATTTGCTAATAGATGCCTAAGACCAGAAAGGGTGGCCCTTCAGCTCAAATACAGGCAAGTTTAAAGCATTACATTACGTAATCATATACGGCAGTATGGTTAAGGTTTCTGTGTAGTCTGTGACTTCCATGTCAAAATGTTGCACAAGCCAGTTGTCAGTGACAGTTGCCATCCCACACTGCTGTTCTCCTGTCATCCCTAGCCCCCA,ACTGGCAGCTATGGAATGTGCCTTTCCTAAGGAATTTGCTAATAGATGCCTAAGCCCAGAAAGGGTGCTTCTTCAACTAAAATACAGGCAAGTTTAAAGCATTACATTACGTAATCATATACGGCAGTATGGTTAAGGTTTCTGTGTAGTCTGTGACTTCCATGTCAAAATGTTGCACAAGCCAGTTGTCAGTGACAGTTGCCATCCCACACTGCTGTTCTCCTGTCATCCCTAGCCCCCA,0,0,0,2.0,7.0,2.0,2.0,2.0,2.0,2.0,7,2,2.0,2.0,2,2.0,2.0,2.0,2.0,2.0,2.0,2.0,7.0,2.0,2.0,2.0,2.0
ACTGGCAGCTATGGAATGTGCCTTTCCTAAGGAATTTGCTAATAGATGCCTAAGCCCAGAAAGGGTGCTTCTTCAACTAAAATACAGGCAAGTTTAAAGCATTACATTACGTAATCATATACGGCAGTATGGTTAAGGTTTCTGTGTAGTCTGTGACTTCCATGTCAAAATGTTGCACAAGCCAGTTGTCAGTGACAGTTGCCATCCCACACTGCTGTTCTCCCGTCATCCCTAGCCCCCA,ACTGGCAGCTATGGAATGTGCCTTTCCTAAGGAATTTGCTAATAGATGCCTAAGCCCAGAAAGGGTGCTTCTTCAACTAAAATACAGGCAAGTTTAAAGCATTACATTACGTAATCATATACGGCAGTATGGTTAAGGTTTCTGTGTAGTCTGTGACTTCCATGTCAAAATGTTGCACAAGCCAGTTGTCAGTGACAGTTGCCATCCCACACTGCTGTTCTCCTGTCATCCCTAGCCCCCA,0,0,0,2.0,2.0,2.0,2.0,2.0,2.0,2.0,2,2,2.0,15.0,2,2.0,2.0,2.0,2.0,2.0,2.0,2.0,2.0,2.0,2.0,4.0,2.0
ACTGGCAGCTATGGAATGTGCCTTTCCTAAGGAATTTGCTAATAGATGCCTAAGCCCAGAAAGGGTGCTTCTTCAACTAAAAATACAGGCAAGTTTAAAGCATTACATTACGTAATCATATACGGCAGTATGGTTAAGGTTTCTGTGTAGTCTGTGACTTCCATGTCAAAATGTTGCACAAGCCAGTTGTCAGTGACAGTTGCCATCCCACACTGCTGTTCTCCTGTCATCCCTAGCCCCCA,ACTGGCAGCTATGGAATGTGCCTTTCCTAAGGAATTTGCTAATAGATGCCTAAGCCCAGAAAGGGTGCTTCTTCAACTAAAA-TACAGGCAAGTTTAAAGCATTACATTACGTAATCATATACGGCAGTATGGTTAAGGTTTCTGTGTAGTCTGTGACTTCCATGTCAAAATGTTGCACAAGCCAGTTGTCAGTGACAGTTGCCATCCCACACTGCTGTTCTCCTGTCATCCCTAGCCCCCA,0,1,0,7.0,1.0,2.0,2.0,3.0,2.0,7.0,1,2,2.0,3.0,2,2.0,1.0,2.0,2.0,2.0,2.0,7.0,1.0,2.0,2.0,3.0,2.0
ACTGGCAGCTATGGAATGTGCCTTTCCTAAGGAATTTGCTAATAGATGCCTAAGCCCAGAAAGGGTGCTTCTTCAACTAAAATACAGGCAAGTTTAAAGCATTACATTACGTAATCATATACGGCAGTATGGTTAAGGTTTCTGTGTAGTCTGTGACTTCCATGTCAAAATGTTGCACAAGCCAGTTGTCAGTGACAGTTGCCATCCCACACTGCTGTTCTCCTGTCATCCCTAGCCCCC-,ACTGGCAGCTATGGAATGTGCCTTTCCTAAGGAATTTGCTAATAGATGCCTAAGCCCAGAAAGGGTGCTTCTTCAACTAAAATACAGGCAAGTTTAAAGCATTACATTACGTAATCATATACGGCAGTATGGTTAAGGTTTCTGTGTAGTCTGTGACTTCCATGTCAAAATGTTGCACAAGCCAGTTGTCAGTGACAGTTGCCATCCCACACTGCTGTTCTCCTGTCATCCCTAGCCCCCA,0,0,0,2.0,6.0,2.0,2.0,2.0,2.0,2.0,6,2,2.0,2.0,2,2.0,2.0,2.0,2.0,2.0,2.0,2.0,6.0,2.0,2.0,2.0,2.0
ACTGGCAGCTATGGAATGTGCCTTTCCTAAGGAATTTGCTAATAGATGCCTAAGCCCAAGAAAGGGTGCTTCTTCGACTCAAATACAGGCAAGTTTAAAGCATTACATTACGTAATCATATACGGCAGTATGGTTAAGGTTTCTGTGTAGTCTGTGACTTCCATGTCAAAATGTTGCACAAGCCAGTTGTCAGTGACAGTTGCCATCCCACACTGCTGTTCTCCTGTCATCCCTAGCCCCCA,ACTGGCAGCTATGGAATGTGCCTTTCCTAAGGAATTTGCTAATAGATGCCTAAGCCCA-GAAAGGGTGCTTCTTCAACTAAAATACAGGCAAGTTTAAAGCATTACATTACGTAATCATATACGGCAGTATGGTTAAGGTTTCTGTGTAGTCTGTGACTTCCATGTCAAAATGTTGCACAAGCCAGTTGTCAGTGACAGTTGCCATCCCACACTGCTGTTCTCCTGTCATCCCTAGCCCCCA,0,1,0,2.0,1.0,4.0,2.0,4.0,2.0,2.0,1,4,2.0,4.0,2,2.0,1.0,4.0,2.0,2.0,2.0,2.0,1.0,4.0,2.0,4.0,2.0
ACTGGCAGCTATGGAATGTGCCTTTCCTAAGGAATTTGCTAATAGATGCCTAAGCCCAAGAAAGGGCCCTTCTTCAGCTCAAATACAGGCAAGTTTAAAGCATTACATTACGTAATCATATACGGCAGTATGGTTAAGGTTTCTGTGTAGTCTGTGACTTCCATGTCAAAATGTTGCACAAGCCAGTTGTCAGTGACAGTTGCCATCCCACACTGCTGTTCTCCTGTCATCCCTAGCCCCCA,ACTGGCAGCTATGGAATGTGCCTTTCCTAAGGAATTTGCTAATAGATGCCTAAGCCCA-GAAAGGGTGCTTCTTCAACTAAAATACAGGCAAGTTTAAAGCATTACATTACGTAATCATATACGGCAGTATGGTTAAGGTTTCTGTGTAGTCTGTGACTTCCATGTCAAAATGTTGCACAAGCCAGTTGTCAGTGACAGTTGCCATCCCACACTGCTGTTCTCCTGTCATCCCTAGCCCCCA,0,1,0,7.0,1.0,1.0,2.0,3.0,2.0,7.0,1,1,2.0,3.0,2,2.0,1.0,1.0,2.0,2.0,2.0,7.0,1.0,1.0,2.0,3.0,2.0
ACTGGCAGCTATGGAATGTGCCTTTCCTAAGGAATTTGCTAATAGATGCCTAAGCCCAAGAAAGGGTGCTTCTTCAACTAAAATACAGGCAAGTTTAAAGCATTACATTACGTAATCATATACGGCAGTATGGTTAAGGTTTCTGTGTAGTCTGTGACTTCCATGTCAAAATGTTGCACAAGCCAGTTGTCAGTGACAGTTGCCATCCCACACTGCTGTTCTCCTGTCATCCCTAGCCCCCC,ACTGGCAGCTATGGAATGTGCCTTTCCTAAGGAATTTGCTAATAGATGCCTAAGCCCA-GAAAGGGTGCTTCTTCAACTAAAATACAGGCAAGTTTAAAGCATTACATTACGTAATCATATACGGCAGTATGGTTAAGGTTTCTGTGTAGTCTGTGACTTCCATGTCAAAATGTTGCACAAGCCAGTTGTCAGTGACAGTTGCCATCCCACACTGCTGTTCTCCTGTCATCCCTAGCCCCCA,0,1,0,2.0,2.0,2.0,2.0,5.0,2.0,2.0,2,2,2.0,5.0,2,2.0,2.0,2.0,2.0,2.0,2.0,2.0,2.0,2.0,2.0,5.0,2.0
ACTGGCAGCTATGGAATGTGCCTTTCCTAAGGAATTTGCTAATAGATGCCTAAGCCCAGAAAGGGTGCTTCCTCAGCTCAAATACAGGCAAGTTTAAAGCATTACATTACGTAATCATATACGGCAGTATGGTTAAGGTTTCTGTGTAGTCTGTGACTTCCATGTCAAAATGTTGCACAAGCCAGTTGTCAGTGACAGTTGCCATCCCACACTGCTGTTCTCCTGTCATCCCTAGCCCCCA,ACTGGCAGCTATGGAATGTGCCTTTCCTAAGGAATTTGCTAATAGATGCCTAAGCCCAGAAAGGGTGCTTCTTCAACTAAAATACAGGCAAGTTTAAAGCATTACATTACGTAATCATATACGGCAGTATGGTTAAGGTTTCTGTGTAGTCTGTGACTTCCATGTCAAAATGTTGCACAAGCCAGTTGTCAGTGACAGTTGCCATCCCACACTGCTGTTCTCCTGTCATCCCTAGCCCCCA,0,0,0,2.0,2.0,2.0,2.0,2.0,2.0,2.0,2,2,2.0,10.0,2,2.0,2.0,2.0,2.0,2.0,2.0,2.0,2.0,2.0,2.0,2.0,2.0
ACTGGCAGCTATGGAATGTGCCTTTCCTAAGGAATTTGCTAATAGATGCCTAAGCCCAAGAAAGGGTGCTTCCTCAGCTCAAATACAGGCAAGTTTAAAGCATTACATTACGTAATCATATACGGCAGTATGGTTAAGGTTTCTGTGTAGTCTGTGACTTCCATGTCAAAATGTTGCACAAGCCAGTTGTCAGTGACAGTTGCCATCCCACACTGCTGTTCTCCTGTCATCCCTAGCCCCCA,ACTGGCAGCTATGGAATGTGCCTTTCCTAAGGAATTTGCTAATAGATGCCTAAGCCCA-GAAAGGGTGCTTCTTCAACTAAAATACAGGCAAGTTTAAAGCATTACATTACGTAATCATATACGGCAGTATGGTTAAGGTTTCTGTGTAGTCTGTGACTTCCATGTCAAAATGTTGCACAAGCCAGTTGTCAGTGACAGTTGCCATCCCACACTGCTGTTCTCCTGTCATCCCTAGCCCCCA,0,1,0,2.0,2.0,2.0,2.0,4.0,2.0,2.0,2,2,2.0,4.0,2,2.0,2.0,2.0,2.0,2.0,2.0,2.0,2.0,2.0,2.0,4.0,2.0
ACTGGCAGCTATGGAATGTGCCTTTCCTAAGGAATTTGCTAATAGATGCCTAAGCCCAAGAAAGGGTGCTTCTTCAACTCAAATACAGGCAAGTTTAAAGCATTACATTACGTAATCATATACGGCAGTATGGTTAAGGTTTCTGTGTAGTCTGTGACTTCCATGTCAAAATGTTGCACAAGCCAGTTGTCAGTGACAGTTGCCATCCCACACTGCTGTTCTCCTGTCATCCCTAGCCCCCA,ACTGGCAGCTATGGAATGTGCCTTTCCTAAGGAATTTGCTAATAGATGCCTAAGCCCA-GAAAGGGTGCTTCTTCAACTAAAATACAGGCAAGTTTAAAGCATTACATTACGTAATCATATACGGCAGTATGGTTAAGGTTTCTGTGTAGTCTGTGACTTCCATGTCAAAATGTTGCACAAGCCAGTTGTCAGTGACAGTTGCCATCCCACACTGCTGTTCTCCTGTCATCCCTAGCCCCCA,0,1,0,5.0,1.0,3.0,1.0,2.0,2.0,5.0,1,3,1.0,2.0,2,2.0,1.0,3.0,1.0,2.0,2.0,5.0,1.0,3.0,1.0,2.0,2.0
ACTGGCAGCTATGGAATGTGCCTTTCCTAAGGAATTTGCTAATAGATGCCTAAGCCCAAGAAAGGGTGCTTTTTCAGCTCAAATACAGGCAAGTTTAAAGCATTACATTACGTAATCATATACGGCAGTATGGTTAAGGTTTCTGTGTAGTCTGTGACTTCCATGTCAAAATGTTGCACAAGCCAGTTGTCAGTGACAGTTGCCATCCCACACTGCTGTTCTCCTGTCATCCCTAGCCCCCA,ACTGGCAGCTATGGAATGTGCCTTTCCTAAGGAATTTGCTAATAGATGCCTAAGCCCA-GAAAGGGTGCTTCTTCAACTAAAATACAGGCAAGTTTAAAGCATTACATTACGTAATCATATACGGCAGTATGGTTAAGGTTTCTGTGTAGTCTGTGACTTCCATGTCAAAATGTTGCACAAGCCAGTTGTCAGTGACAGTTGCCATCCCACACTGCTGTTCTCCTGTCATCCCTAGCCCCCA,0,1,0,6.0,1.0,1.0,2.0,2.0,2.0,6.0,1,1,2.0,2.0,2,2.0,1.0,1.0,2.0,2.0,2.0,6.0,1.0,1.0,2.0,2.0,2.0
ACTGGCAGCTATGGAATGTGCCTTTCCTAAGGAATTTGCTAATAGATGCCTAAGCCCAAGAAAGGGTGCTTCTTCAACTAAAATTACAGGCAAGTTTAAAGCATTACATTACGTAATCATATACGGCAGTATGGTTAAGGTTTCTGTGTAGTCTGTGACTTCCATGTCAAAATGTTGCACAAGCCAGTTGTCAGTGACAGTTGCCATCCCACACTGCTGTTCTCCTGTCATCCCTAGCCCCCA,ACTGGCAGCTATGGAATGTGCCTTTCCTAAGGAATTTGCTAATAGATGCCTAAGCCCA-GAAAGGGTGCTTCTTCAACTAAAA-TACAGGCAAGTTTAAAGCATTACATTACGTAATCATATACGGCAGTATGGTTAAGGTTTCTGTGTAGTCTGTGACTTCCATGTCAAAATGTTGCACAAGCCAGTTGTCAGTGACAGTTGCCATCCCACACTGCTGTTCTCCTGTCATCCCTAGCCCCCA,0,2,0,2.0,2.0,2.0,2.0,3.0,2.0,2.0,2,2,2.0,3.0,2,2.0,2.0,2.0,2.0,2.0,2.0,2.0,2.0,2.0,2.0,3.0,2.0
ACTGGCAGCTATGGAATGTGCCTTTCCTAAGGAATTTGCTAATAGATGCCTAAGCCCAGAAAGGGTGCTTCTGCAGCTCAAATACAGGCAAGTTTAAAGCATTACATTACGTAATCATATACGGCAGTATGGTTAAGGTTTCTGTGTAGTCTGTGACTTCCATGTCAAAATGTTGCACAAGCCAGTTGTCAGTGACAGTTGCCATCCCACACTGCTGTTCTCCTGTCATCCCTAGCCCCCC,ACTGGCAGCTATGGAATGTGCCTTTCCTAAGGAATTTGCTAATAGATGCCTAAGCCCAGAAAGGGTGCTTCTTCAACTAAAATACAGGCAAGTTTAAAGCATTACATTACGTAATCATATACGGCAGTATGGTTAAGGTTTCTGTGTAGTCTGTGACTTCCATGTCAAAATGTTGCACAAGCCAGTTGTCAGTGACAGTTGCCATCCCACACTGCTGTTCTCCTGTCATCCCTAGCCCCCA,0,0,0,2.0,2.0,2.0,2.0,2.0,2.0,2.0,2,2,2.0,2.0,2,2.0,2.0,2.0,2.0,2.0,2.0,2.0,2.0,2.0,2.0,5.0,2.0
ACTGGCAGCTATGGAATGTGCCTTTCCTAAGGAATTTGCTAATAGATGCCTAAGCCCAAGAAAGGGTGCTTCTTCAACTA-----CAGGCAAGTTTAAAGCATTACATTACGTAATCATATACGGCAGTATGGTTAAGGTTTCTGTGTAGTCTGTGACTTCCATGTCAAAATGTTGCACAAGCCAGTTGTCAGTGACAGTTGCCATCCCACACTGCTGTTCTCCTGTCATCCCTAGCCCCCA,ACTGGCAGCTATGGAATGTGCCTTTCCTAAGGAATTTGCTAATAGATGCCTAAGCCCA-GAAAGGGTGCTTCTTCAACTAAAATACAGGCAAGTTTAAAGCATTACATTACGTAATCATATACGGCAGTATGGTTAAGGTTTCTGTGTAGTCTGTGACTTCCATGTCAAAATGTTGCACAAGCCAGTTGTCAGTGACAGTTGCCATCCCACACTGCTGTTCTCCTGTCATCCCTAGCCCCCA,5,1,0,2.0,2.0,2.0,2.0,2.0,2.0,2.0,2,2,2.0,2.0,2,2.0,2.0,2.0,2.0,2.0,2.0,2.0,2.0,2.0,2.0,4.0,2.0
ACTGGCAGCTATGGAATGTGCCTTTCCTAAGGAATTTGCTAATAGATGCCTAAGCCCAAGAAAGGGTGCTTCTTCTACTCAAATACAGGCAAGTTTAAAGCATTACATTACGTAATCATATACGGCAGTATGGTTAAGGTTTCTGTGTAGTCTGTGACTTCCATGTCAAAATGTTGCACAAGCCAGTTGTCAGTGACAGTTGCCATCCCACACTGCTGTTCTCCTGTCATCCCTAGCCCCCA,ACTGGCAGCTATGGAATGTGCCTTTCCTAAGGAATTTGCTAATAGATGCCTAAGCCCA-GAAAGGGTGCTTCTTCAACTAAAATACAGGCAAGTTTAAAGCATTACATTACGTAATCATATACGGCAGTATGGTTAAGGTTTCTGTGTAGTCTGTGACTTCCATGTCAAAATGTTGCACAAGCCAGTTGTCAGTGACAGTTGCCATCCCACACTGCTGTTCTCCTGTCATCCCTAGCCCCCA,0,1,0,2.0,2.0,2.0,2.0,2.0,2.0,2.0,2,2,2.0,2.0,2,2.0,2.0,2.0,2.0,2.0,2.0,2.0,2.0,2.0,2.0,2.0,2.0
ACTGGCAGCTATGGAATGTGCCTTTCCTAAGGAATTTGCTAATAGATGCCTAAGCCCAGAAAGGGCCCTTCTTCAGCTCAAATACAGGCAAGTTTAAAGCATTACATTACGTAATCATATACGGCAGTATGGTTAAGGTTTCTGTGTAGTCTGTGACTTCCATGTCAAAATGTTGCACAAGCCAGTTGTCAGTGACAGTTGCCATCCCACACTGCTGTTCTCCTGTCATCCCTAGCCCCCC,ACTGGCAGCTATGGAATGTGCCTTTCCTAAGGAATTTGCTAATAGATGCCTAAGCCCAGAAAGGGTGCTTCTTCAACTAAAATACAGGCAAGTTTAAAGCATTACATTACGTAATCATATACGGCAGTATGGTTAAGGTTTCTGTGTAGTCTGTGACTTCCATGTCAAAATGTTGCACAAGCCAGTTGTCAGTGACAGTTGCCATCCCACACTGCTGTTCTCCTGTCATCCCTAGCCCCCA,0,0,0,2.0,2.0,2.0,2.0,2.0,2.0,2.0,2,2,2.0,2.0,2,2.0,2.0,2.0,2.0,2.0,2.0,2.0,2.0,2.0,2.0,2.0,2.0
ACTGGCAGCTATGGAATGTGCCTTTCCTAAGGAATTTGCTAATAGATGCCTAAGCCCAAAAAGGGTGCTTCTTCAGCTCAAATACAGGCAAGTTTAAAGCATTACATTACGTAATCATATACGGCAGTATGGTTAAGGTTTCTGTGTAGTCTGTGACTTCCATGTCAAAATGTTGCACAAGCCAGTTGTCAGTGACAGTTGCCATCCCACACTGCTGTTCTCCTGTCATCCCTAGCCCCCA,ACTGGCAGCTATGGAATGTGCCTTTCCTAAGGAATTTGCTAATAGATGCCTAAGCCCAGAAAGGGTGCTTCTTCAACTAAAATACAGGCAAGTTTAAAGCATTACATTACGTAATCATATACGGCAGTATGGTTAAGGTTTCTGTGTAGTCTGTGACTTCCATGTCAAAATGTTGCACAAGCCAGTTGTCAGTGACAGTTGCCATCCCACACTGCTGTTCTCCTGTCATCCCTAGCCCCCA,0,0,1,2.0,2.0,2.0,2.0,2.0,2.0,2.0,2,2,2.0,2.0,2,2.0,2.0,2.0,2.0,2.0,2.0,2.0,2.0,2.0,2.0,2.0,2.0
ACTGGCAGCTATGGAATGTGCCTTTCCTAAGGAATTTGCTAATAGATGCCTAAGCCCAGAAAGGGTCCTTCTTCAGCTCAAATACAGGCAAGTTTAAAGCATTACATTACGTAATCATATACGGCAGTATGGTTAAGGTTTCTGTGTAGTCTGTGACTTCCATGTCAAAATGTTGCACAAGCCAGTTGTCAGTGACAGTTGCCATCCCACACTGCTGTTCTCCTGTCATCCCTAGCCCCA-,ACTGGCAGCTATGGAATGTGCCTTTCCTAAGGAATTTGCTAATAGATGCCTAAGCCCAGAAAGGGTGCTTCTTCAACTAAAATACAGGCAAGTTTAAAGCATTACATTACGTAATCATATACGGCAGTATGGTTAAGGTTTCTGTGTAGTCTGTGACTTCCATGTCAAAATGTTGCACAAGCCAGTTGTCAGTGACAGTTGCCATCCCACACTGCTGTTCTCCTGTCATCCCTAGCCCCCA,0,0,0,2.0,2.0,2.0,2.0,2.0,2.0,2.0,2,2,2.0,2.0,2,2.0,2.0,2.0,2.0,2.0,2.0,2.0,2.0,2.0,2.0,2.0,2.0
ACTGGCAGCTATGGAATGTGCCTTTCCTAAGGAATTTGCTAATAGATGCCTAAGCCCAAAAAGGGTGCTTCTTCAACTAAAATACAGGCAAGTTTAAAGCATTACATTACGTAATCATATACGGCAGTATGGTTAAGGTTTCTGTGTAGTCTGTGACTTCCATGTCAAAATGTTGCACAAGCCAGTTGTCAGTGACAGTTGCCATCCCACACTGCTGTTCTCCTGTCATCCCTAGCCCCCA,ACTGGCAGCTATGGAATGTGCCTTTCCTAAGGAATTTGCTAATAGATGCCTAAGCCCAGAAAGGGTGCTTCTTCAACTAAAATACAGGCAAGTTTAAAGCATTACATTACGTAATCATATACGGCAGTATGGTTAAGGTTTCTGTGTAGTCTGTGACTTCCATGTCAAAATGTTGCACAAGCCAGTTGTCAGTGACAGTTGCCATCCCACACTGCTGTTCTCCTGTCATCCCTAGCCCCCA,0,0,1,2.0,2.0,2.0,2.0,2.0,2.0,2.0,2,2,2.0,2.0,2,2.0,2.0,2.0,2.0,2.0,2.0,2.0,2.0,2.0,2.0,2.0,2.0
ACTGGCAGCTATGGAATGTGCCTTTCCTAAGGAATTTGCTAATAGATGCCTAAGCCCAGAAAGGGTGCTTCTTCAGCTCAAATACAGGCAAGTTTAAAGCATTACATTACGTAATCATATACGGCAGTATGGTTAAGGTTTCTGTGTAGTCTGTGACTTCCATGTCAAAATGTTGCACAAGCCAGTTGTCAGTGACAGTTGCCATCCCACACTGCTGTTCTCCTGTCATCCCTAGCCCCCC,ACTGGCAGCTATGGAATGTGCCTTTCCTAAGGAATTTGCTAATAGATGCCTAAGCCCAGAAAGGGTGCTTCTTCAACTAAAATACAGGCAAGTTTAAAGCATTACATTACGTAATCATATACGGCAGTATGGTTAAGGTTTCTGTGTAGTCTGTGACTTCCATGTCAAAATGTTGCACAAGCCAGTTGTCAGTGACAGTTGCCATCCCACACTGCTGTTCTCCTGTCATCCCTAGCCCCCA,0,0,0,1.0,2.0,1.0,1.0,2.0,2.0,1.0,2,1,1.0,2.0,2,2.0,2.0,1.0,1.0,2.0,2.0,1.0,2.0,1.0,1.0,2.0,2.0
ACTGGCAGCTATGGAATGTGCCTTTCCTAAGGAATTTGCTAATAGATGCCTAAGCCCAGAAAGGGTGCTTCTTCAACTAAAACACAGGCAAGTTTAAAGCATTACATTACGTAATCATATACGGCAGTATGGTTAAGGTTTCTGTGTAGTCTGTGACTTCCATGTCAAAATGTTGCACAAGCCAGTTGTCAGTGACAGTTGCCATCCCACACTGCTGTTCTCCTGTCATCCCTAGCCCCCA,ACTGGCAGCTATGGAATGTGCCTTTCCTAAGGAATTTGCTAATAGATGCCTAAGCCCAGAAAGGGTGCTTCTTCAACTAAAATACAGGCAAGTTTAAAGCATTACATTACGTAATCATATACGGCAGTATGGTTAAGGTTTCTGTGTAGTCTGTGACTTCCATGTCAAAATGTTGCACAAGCCAGTTGTCAGTGACAGTTGCCATCCCACACTGCTGTTCTCCTGTCATCCCTAGCCCCCA,0,0,1,1.0,1.0,1.0,5.0,1.0,1.0,1.0,1,1,5.0,1.0,1,1.0,1.0,1.0,1.0,1.0,1.0,1.0,1.0,1.0,5.0,1.0,1.0
ACTGGCAGCTATGGAATGTGCCTTTCCTAAGGAATTTGCTAATAGATGCCTAAGCCCAGAAAGGGTGCTTCTTCAACTA-----CAGGCAAGTTTAAAGCATTACATTACGTAATCATATACGGCAGTATGGTTAAGGTTTCTGTGTAGTCTGTGACTTCCATGTCAAAATGTTGCACAAGCCAGTTGTCAGTGACAGTTGCCATCCCACACTGCTGTTCTCCTGTCATCCCTAGCCCCCA,ACTGGCAGCTATGGAATGTGCCTTTCCTAAGGAATTTGCTAATAGATGCCTAAGCCCAGAAAGGGTGCTTCTTCAACTAAAATACAGGCAAGTTTAAAGCATTACATTACGTAATCATATACGGCAGTATGGTTAAGGTTTCTGTGTAGTCTGTGACTTCCATGTCAAAATGTTGCACAAGCCAGTTGTCAGTGACAGTTGCCATCCCACACTGCTGTTCTCCTGTCATCCCTAGCCCCCA,5,0,0,1.0,1.0,1.0,5.0,1.0,1.0,1.0,1,1,5.0,1.0,1,1.0,1.0,1.0,1.0,1.0,1.0,1.0,1.0,1.0,5.0,1.0,1.0
ACTGGCAGCTATGGAATGTGCCTTTCCTAAGGAATTTGCTAATAGATGCCTAAGCCCAGAAAGGGTCCTTCTTCAGCTCAAATACAGGCAAGTTTAAAGCATTACATTACGTAATCATATACGGCAGTATGGTTAAGGTTTCTGTGTAGTCTGTGACTTCCATGTCAAAATGTTGCACAAGCCAGTTGTCAGTGACAGTTGCCATCCCACACTGCTGTTCTCCTGTCATCCCTAGCCCCCC,ACTGGCAGCTATGGAATGTGCCTTTCCTAAGGAATTTGCTAATAGATGCCTAAGCCCAGAAAGGGTGCTTCTTCAACTAAAATACAGGCAAGTTTAAAGCATTACATTACGTAATCATATACGGCAGTATGGTTAAGGTTTCTGTGTAGTCTGTGACTTCCATGTCAAAATGTTGCACAAGCCAGTTGTCAGTGACAGTTGCCATCCCACACTGCTGTTCTCCTGTCATCCCTAGCCCCCA,0,0,0,1.0,1.0,1.0,5.0,1.0,1.0,1.0,1,1,5.0,1.0,1,1.0,1.0,1.0,1.0,1.0,1.0,1.0,1.0,1.0,5.0,1.0,1.0
ACTGGCAGCTATGGAATGTGCCTTTCCTAAGGAATTTGCTAATAGATGCCTAAGCCCAGAAAGGGTGCTTGCCCAGCTCAAATACAGGCAAGTTTAAAGCATTACATTACGTAATCATATACGGCAGTATGGTTAAGGTTTCTGTGTAGTCTGTGACTTCCATGTCAAAATGTTGCACAAGCCAGTTGTCAGTGACAGTTGCCATCCCACACTGCTGTTCTCCTGTCATCCCTAGCCCCCC,ACTGGCAGCTATGGAATGTGCCTTTCCTAAGGAATTTGCTAATAGATGCCTAAGCCCAGAAAGGGTGCTTCTTCAACTAAAATACAGGCAAGTTTAAAGCATTACATTACGTAATCATATACGGCAGTATGGTTAAGGTTTCTGTGTAGTCTGTGACTTCCATGTCAAAATGTTGCACAAGCCAGTTGTCAGTGACAGTTGCCATCCCACACTGCTGTTCTCCTGTCATCCCTAGCCCCCA,0,0,0,1.0,1.0,1.0,4.0,1.0,1.0,1.0,1,1,4.0,1.0,1,1.0,1.0,1.0,1.0,1.0,1.0,1.0,1.0,1.0,4.0,1.0,1.0
ACTGGCAGCTATGGAATGTGCCTTTCCTAAGGAATTTGCTAATAGATGCCTAAGCCCAAGAAAGGGTGCTTCTTCAACTAAAATACAGGCAAGTTTAAAGCATTACATTACGTAATCATATACGGCAGTATGGTTAAGGTTTCTGTGTAGTCTGTGACTTCCATGTCAAAATGTTGCACAAGCCAGTTGTCAGTGACAGTTGCCATCCCACACTGCTGTTCTCCTGTCATCCCTAGCCCCA-,ACTGGCAGCTATGGAATGTGCCTTTCCTAAGGAATTTGCTAATAGATGCCTAAGCCCA-GAAAGGGTGCTTCTTCAACTAAAATACAGGCAAGTTTAAAGCATTACATTACGTAATCATATACGGCAGTATGGTTAAGGTTTCTGTGTAGTCTGTGACTTCCATGTCAAAATGTTGCACAAGCCAGTTGTCAGTGACAGTTGCCATCCCACACTGCTGTTCTCCTGTCATCCCTAGCCCCCA,0,1,0,1.0,1.0,1.0,3.0,1.0,1.0,1.0,1,1,3.0,1.0,1,1.0,1.0,1.0,1.0,1.0,1.0,1.0,1.0,1.0,3.0,2.0,1.0
ACTGGCAGCTATGGAATGTGCCTTTCCTAAGGAATTTGCTAATAGATGCCTAAGCCCAGAAAGGGTGCTTCTTCAACTAAAATACAGGCAAGTTTAAAGCATTACATTACGTAATCATATACGGCAGTATGGTTAAGGTTTCTGTGTAGTCTGTGACTTCCATGTCAAAATGTTGCACAAGCCAGTTGTCAGTGACAGTTGCCATCCCACACTGCTGTTCTCATGTCATCCCTAGCCCCCA,ACTGGCAGCTATGGAATGTGCCTTTCCTAAGGAATTTGCTAATAGATGCCTAAGCCCAGAAAGGGTGCTTCTTCAACTAAAATACAGGCAAGTTTAAAGCATTACATTACGTAATCATATACGGCAGTATGGTTAAGGTTTCTGTGTAGTCTGTGACTTCCATGTCAAAATGTTGCACAAGCCAGTTGTCAGTGACAGTTGCCATCCCACACTGCTGTTCTCCTGTCATCCCTAGCCCCCA,0,0,0,1.0,1.0,1.0,3.0,1.0,1.0,1.0,1,1,3.0,1.0,1,1.0,1.0,1.0,1.0,1.0,1.0,1.0,1.0,1.0,3.0,1.0,1.0
ACTGGCAGCTATGGAATGTGCCTTTCCTAAGGAATTTGCTAATAGATGCCTAAG---------GGTGCTTCTTCAACTAAAATACAGGCAAGTTTAAAGCATTACATTACGTAATCATATACGGCAGTATGGTTAAGGTTTCTGTGTAGTCTGTGACTTCCATGTCAAAATGTTGCACAAGCCAGTTGTCAGTGACAGTTGCCATCCCACACTGCTGTTCTCCTGTCATCCCTAGCCCCCA,ACTGGCAGCTATGGAATGTGCCTTTCCTAAGGAATTTGCTAATAGATGCCTAAGCCCAGAAAGGGTGCTTCTTCAACTAAAATACAGGCAAGTTTAAAGCATTACATTACGTAATCATATACGGCAGTATGGTTAAGGTTTCTGTGTAGTCTGTGACTTCCATGTCAAAATGTTGCACAAGCCAGTTGTCAGTGACAGTTGCCATCCCACACTGCTGTTCTCCTGTCATCCCTAGCCCCCA,9,0,0,2.0,1.0,1.0,1.0,1.0,1.0,2.0,1,1,1.0,1.0,1,2.0,1.0,1.0,1.0,1.0,1.0,2.0,1.0,1.0,1.0,1.0,1.0
ACTGGCAGCTATGGAATGTGCCTTTCCTAAGGAATTTGCTAATAGATGCCTAAGCCCAAGAAAGGGTGCTTCTTC--CTCAAATACAGGCAAGTTTAAAGCATTACATTACGTAATCATATACGGCAGTATGGTTAAGGTTTCTGTGTAGTCTGTGACTTCCATGTCAAAATGTTGCACAAGCCAGTTGTCAGTGACAGTTGCCATCCCACACTGCTGTTCTCCTGTCATCCCTAGCCCCCA,ACTGGCAGCTATGGAATGTGCCTTTCCTAAGGAATTTGCTAATAGATGCCTAAGCCCA-GAAAGGGTGCTTCTTCAACTAAAATACAGGCAAGTTTAAAGCATTACATTACGTAATCATATACGGCAGTATGGTTAAGGTTTCTGTGTAGTCTGTGACTTCCATGTCAAAATGTTGCACAAGCCAGTTGTCAGTGACAGTTGCCATCCCACACTGCTGTTCTCCTGTCATCCCTAGCCCCCA,0,1,0,2.0,1.0,1.0,1.0,1.0,1.0,2.0,1,1,1.0,1.0,1,2.0,1.0,1.0,1.0,1.0,1.0,2.0,1.0,1.0,1.0,1.0,1.0
ACTGGCAGCTATGGAATGTGCCTTTCCTAAGGAATTTGCTAATAGATGCCTAAGCCCAGAAAGGGTGCTTCTTCAACTAA--TACAGGCAAGTTTAAAGCATTACATTACGTAATCATATACGGCAGTATGGTTAAGGTTTCTGTGTAGTCTGTGACTTCCATGTCAAAATGTTGCACAAGCCAGTTGTCAGTGACAGTTGCCATCCCACACTGCTGTTCTCCTGTCATCCCTAGCCCCCA,ACTGGCAGCTATGGAATGTGCCTTTCCTAAGGAATTTGCTAATAGATGCCTAAGCCCAGAAAGGGTGCTTCTTCAACTAAAATACAGGCAAGTTTAAAGCATTACATTACGTAATCATATACGGCAGTATGGTTAAGGTTTCTGTGTAGTCTGTGACTTCCATGTCAAAATGTTGCACAAGCCAGTTGTCAGTGACAGTTGCCATCCCACACTGCTGTTCTCCTGTCATCCCTAGCCCCCA,2,0,0,1.0,1.0,1.0,2.0,1.0,1.0,1.0,1,1,2.0,1.0,1,1.0,1.0,1.0,1.0,1.0,1.0,1.0,1.0,1.0,2.0,1.0,1.0
ACTGGCAGCTATGGAATGTGCCTTTCCTAAGGAATTTGCTAATAGATGCCTAAGCCCAGAAAGGGTGCTTCTTCGACTCAAATACAGGCAAGTTTAAAGCATTACATTACGTAATCATATACGGCAGTATGGTTAAGGTTTCTGTGTAGTCTGTGACTTCCATGTCAAAATGTTGCACAAGCCAGTTGTCAGTGACAGTTGCCATCCCACACTGCTGTTCTCCTGTCATCCCTAGCCCCCC,ACTGGCAGCTATGGAATGTGCCTTTCCTAAGGAATTTGCTAATAGATGCCTAAGCCCAGAAAGGGTGCTTCTTCAACTAAAATACAGGCAAGTTTAAAGCATTACATTACGTAATCATATACGGCAGTATGGTTAAGGTTTCTGTGTAGTCTGTGACTTCCATGTCAAAATGTTGCACAAGCCAGTTGTCAGTGACAGTTGCCATCCCACACTGCTGTTCTCCTGTCATCCCTAGCCCCCA,0,0,0,1.0,1.0,1.0,1.0,1.0,1.0,1.0,1,1,1.0,1.0,1,1.0,1.0,1.0,1.0,1.0,1.0,1.0,1.0,1.0,1.0,1.0,1.0
ACTGGCAGCTATGGAATGTGCCTTTCCTAAGGAATTTGCTAATAGATGCCTAAGCCCAGAAAGGGTGCTTCTTCAACTAAAATACAGGCAAGTTTAAAGCATTACATTACGTAATCATATACGGCAGTATGGTTAAGGTTTCTGTGTAGTCTGTGACTTCCATGTCAAAATGTTGCACAAGCCAGTTGTCAGTGACAGTTGCCATCCCACACTGCTGTTCTACTGTCATCCCTAGCCCCCA,ACTGGCAGCTATGGAATGTGCCTTTCCTAAGGAATTTGCTAATAGATGCCTAAGCCCAGAAAGGGTGCTTCTTCAACTAAAATACAGGCAAGTTTAAAGCATTACATTACGTAATCATATACGGCAGTATGGTTAAGGTTTCTGTGTAGTCTGTGACTTCCATGTCAAAATGTTGCACAAGCCAGTTGTCAGTGACAGTTGCCATCCCACACTGCTGTTCTCCTGTCATCCCTAGCCCCCA,0,0,0,1.0,1.0,1.0,1.0,1.0,1.0,1.0,1,1,1.0,1.0,1,1.0,1.0,1.0,1.0,1.0,1.0,1.0,1.0,1.0,1.0,1.0,1.0
ACTGGCAGCTATGGAATGTGCCTTTCCTAAGGAATTTGCTAATAGATGCCTAAGCCCAGAAAGGATGCTTCTTCAACTAAAATACAGGCAAGTTTAAAGCATTACATTACGTAATCATATACGGCAGTATGGTTAAGGTTTCTGTGTAGTCTGTGACTTCCATGTCAAAATGTTGCACAAGCCAGTTGTCAGTGACAGTTGCCATCCCACACTGCTGTTCTCCTGTCATCCCTAGCCCCCA,ACTGGCAGCTATGGAATGTGCCTTTCCTAAGGAATTTGCTAATAGATGCCTAAGCCCAGAAAGGGTGCTTCTTCAACTAAAATACAGGCAAGTTTAAAGCATTACATTACGTAATCATATACGGCAGTATGGTTAAGGTTTCTGTGTAGTCTGTGACTTCCATGTCAAAATGTTGCACAAGCCAGTTGTCAGTGACAGTTGCCATCCCACACTGCTGTTCTCCTGTCATCCCTAGCCCCCA,0,0,0,1.0,1.0,1.0,1.0,1.0,1.0,1.0,1,1,1.0,1.0,1,1.0,1.0,1.0,1.0,1.0,1.0,1.0,1.0,1.0,1.0,1.0,1.0
ACTGGCAGCTATGGAATGTGCCTTTCCTAAGGAATTTGCTAATAGATGCCTAAGCCCAGAAAGGGTGCTTCTTCAACTAAAATACAGGCAAGTTTAAAGCATTACATTACGTAATCATATATGGCAGTATGGTTAAGGTTTCTGTGTAGTCTGTGACTTCCATGTCAAAATGTTGCACAAGCCAGTTGTCAGTGACAGTTGCCATCCCACACTGCTGTTCTCCTGTCATCCCTAGCCCCCA,ACTGGCAGCTATGGAATGTGCCTTTCCTAAGGAATTTGCTAATAGATGCCTAAGCCCAGAAAGGGTGCTTCTTCAACTAAAATACAGGCAAGTTTAAAGCATTACATTACGTAATCATATACGGCAGTATGGTTAAGGTTTCTGTGTAGTCTGTGACTTCCATGTCAAAATGTTGCACAAGCCAGTTGTCAGTGACAGTTGCCATCCCACACTGCTGTTCTCCTGTCATCCCTAGCCCCCA,0,0,0,1.0,1.0,1.0,1.0,1.0,1.0,1.0,1,1,1.0,1.0,1,1.0,1.0,1.0,1.0,1.0,1.0,1.0,1.0,1.0,1.0,1.0,1.0
ACTGGCAGCTATGGAATGTGCCTTTCCTAAGGAATTTGCTAATAGATGCCTAAGCCCAGAAAGGGTGCTTCTTCAACTAAAATTACAGGCAAGTTTAAAGCATTACATTACGTAATCATATACGGCAGTATGGTTAAGGTTTCTGTGTAGTCTGTGACTTCCATGTCAAAATGTTGCACAAGCCAGTTGTCAGTGACAGTTGCCATCCCACACTGCTGTTCTCCTGTCATCCCTAGCCCCCA,ACTGGCAGCTATGGAATGTGCCTTTCCTAAGGAATTTGCTAATAGATGCCTAAGCCCAGAAAGGGTGCTTCTTCAACTAAAA-TACAGGCAAGTTTAAAGCATTACATTACGTAATCATATACGGCAGTATGGTTAAGGTTTCTGTGTAGTCTGTGACTTCCATGTCAAAATGTTGCACAAGCCAGTTGTCAGTGACAGTTGCCATCCCACACTGCTGTTCTCCTGTCATCCCTAGCCCCCA,0,1,0,1.0,1.0,1.0,1.0,1.0,1.0,1.0,1,1,1.0,1.0,1,1.0,1.0,1.0,1.0,1.0,1.0,1.0,1.0,1.0,1.0,1.0,1.0
ACTGGCAGCTATGGAATGTGCCTTTCCTAAGGAATTTGCTAATAGATGCCTAAG-----AAAGGGTGCTTCTTCAACTAAAATACAGGCAAGTTTAAAGCATTACATTACGTAATCATATACGGCAGTATGGTTAAGGTTTCTGTGTAGTCTGTGACTTCCATGTCAAAATGTTGCACAAGCCAGTTGTCAGTGACAGTTGCCATCCCACACTGCTGTTCTCCTGTCATCCCTAGCCCCCA,ACTGGCAGCTATGGAATGTGCCTTTCCTAAGGAATTTGCTAATAGATGCCTAAGCCCAGAAAGGGTGCTTCTTCAACTAAAATACAGGCAAGTTTAAAGCATTACATTACGTAATCATATACGGCAGTATGGTTAAGGTTTCTGTGTAGTCTGTGACTTCCATGTCAAAATGTTGCACAAGCCAGTTGTCAGTGACAGTTGCCATCCCACACTGCTGTTCTCCTGTCATCCCTAGCCCCCA,5,0,0,1.0,1.0,1.0,1.0,1.0,1.0,1.0,1,1,1.0,1.0,1,1.0,1.0,1.0,1.0,1.0,1.0,1.0,1.0,1.0,1.0,1.0,1.0
ACTGGCAGCTATGGAATGTGCCTTTCCTAAGGAATTTGCTAATAGATGCCTAAGCCCAGAAAGGGTGTTTCTTCAACTAAAATACAGGCAAGTTTAAAGCATTACATTACGTAATCATATACGGCAGTATGGTTAAGGTTTCTGTGTAGTCTGTGACTTCCATGTCAAAATGTTGCACAAGCCAGTTGTCAGTGACAGTTGCCATCCCACACTGCTGTTCTCCTGTCATCCCTAGCCCCCA,ACTGGCAGCTATGGAATGTGCCTTTCCTAAGGAATTTGCTAATAGATGCCTAAGCCCAGAAAGGGTGCTTCTTCAACTAAAATACAGGCAAGTTTAAAGCATTACATTACGTAATCATATACGGCAGTATGGTTAAGGTTTCTGTGTAGTCTGTGACTTCCATGTCAAAATGTTGCACAAGCCAGTTGTCAGTGACAGTTGCCATCCCACACTGCTGTTCTCCTGTCATCCCTAGCCCCCA,0,0,0,1.0,1.0,1.0,1.0,1.0,1.0,1.0,1,1,1.0,1.0,1,1.0,1.0,1.0,1.0,1.0,1.0,1.0,1.0,1.0,1.0,1.0,1.0
ACTGGCAGCTATGGAATGTGCCTTTCCTAAGGAATTTGCTAATAGATGCCTAAGCCCAGAAAGGGTGCTTCTGCAGCTCAAATACAGGCAAGTTTAAAGCATTACATTACGTAATCATATACGGCAGTATGGTTAAGGTTTCTGTGTAGTCTGTGACTTCCATGTCAAAATGTTGCACAAGCCAGTTGTCAGTGACAGTTGCCATCCCACACTGCTGTTCTCCTGTCATCCCTAGCCCCA-,ACTGGCAGCTATGGAATGTGCCTTTCCTAAGGAATTTGCTAATAGATGCCTAAGCCCAGAAAGGGTGCTTCTTCAACTAAAATACAGGCAAGTTTAAAGCATTACATTACGTAATCATATACGGCAGTATGGTTAAGGTTTCTGTGTAGTCTGTGACTTCCATGTCAAAATGTTGCACAAGCCAGTTGTCAGTGACAGTTGCCATCCCACACTGCTGTTCTCCTGTCATCCCTAGCCCCCA,0,0,0,1.0,1.0,1.0,1.0,1.0,1.0,1.0,1,1,1.0,1.0,1,1.0,1.0,1.0,1.0,1.0,1.0,1.0,1.0,1.0,1.0,1.0,1.0
ACTGGCAGCTATGGAATGTGCCTTTCCTAAGGAATTTGCTAATAGATGCCTAAGCCCACAAAGGATGCTTCTTCAGCTCAAATACAGGCAAGTTTAAAGCATTACATTACGTAATCATATACGGCAGTATGGTTAAGGTTTCTGTGTAGTCTGTGACTTCCATGTCAAAATGTTGCACAAGCCAGTTGTCAGTGACAGTTGCCATCCCACACTGCTGTTCTCCTGTCATCCCTAGCCCCCA,ACTGGCAGCTATGGAATGTGCCTTTCCTAAGGAATTTGCTAATAGATGCCTAAGCCCAGAAAGGGTGCTTCTTCAACTAAAATACAGGCAAGTTTAAAGCATTACATTACGTAATCATATACGGCAGTATGGTTAAGGTTTCTGTGTAGTCTGTGACTTCCATGTCAAAATGTTGCACAAGCCAGTTGTCAGTGACAGTTGCCATCCCACACTGCTGTTCTCCTGTCATCCCTAGCCCCCA,0,0,1,1.0,1.0,1.0,1.0,1.0,1.0,1.0,1,1,1.0,1.0,1,1.0,1.0,1.0,1.0,1.0,1.0,1.0,1.0,1.0,1.0,1.0,1.0
ACTGGCAGCTATGGAATGTGCCTTTCCTAAGGAATTTGCTAATAGATGCCTAAGCCCAGAAAGGGTGTTTCTTCAGCTCAAATACAGGCAAGTTTAAAGCATTACATTACGTAATCATATACGGCAGTATGGTTAAGGTTTCTGTGTAGTCTGTGACTTCCATGTCAAAATGTTGCACAAGCCAGTTGTCAGTGACAGTTGCCATCCCACACTGCTGTTCTCCTGTCATCCCTAGCCCCCC,ACTGGCAGCTATGGAATGTGCCTTTCCTAAGGAATTTGCTAATAGATGCCTAAGCCCAGAAAGGGTGCTTCTTCAACTAAAATACAGGCAAGTTTAAAGCATTACATTACGTAATCATATACGGCAGTATGGTTAAGGTTTCTGTGTAGTCTGTGACTTCCATGTCAAAATGTTGCACAAGCCAGTTGTCAGTGACAGTTGCCATCCCACACTGCTGTTCTCCTGTCATCCCTAGCCCCCA,0,0,0,1.0,1.0,1.0,1.0,1.0,1.0,1.0,1,1,1.0,1.0,1,1.0,1.0,1.0,1.0,1.0,1.0,1.0,1.0,1.0,1.0,1.0,1.0
ACTGGCAGCTATGGAATGTGCCTTTCCTAAGGAATTTGCTAATAGATGCCTAAGCCCAGAAAGGGTGCTTCTTCAACTAAA-TACAGGCAAGTTTAAAGCATTACATTACGTAATCATATACGGCAGTATGGTTAAGGTTTCTGTGTAGTCTGTGACTTCCATGTCAAAATGTTGCACAAGCCAGTTGTCAGTGACAGTTGCCATCCCACACTGCTGTTCTCCTGTCATCCCTAGCCCCCA,ACTGGCAGCTATGGAATGTGCCTTTCCTAAGGAATTTGCTAATAGATGCCTAAGCCCAGAAAGGGTGCTTCTTCAACTAAAATACAGGCAAGTTTAAAGCATTACATTACGTAATCATATACGGCAGTATGGTTAAGGTTTCTGTGTAGTCTGTGACTTCCATGTCAAAATGTTGCACAAGCCAGTTGTCAGTGACAGTTGCCATCCCACACTGCTGTTCTCCTGTCATCCCTAGCCCCCA,1,0,0,1.0,1.0,1.0,1.0,1.0,1.0,1.0,1,1,1.0,1.0,1,1.0,1.0,1.0,1.0,1.0,1.0,1.0,1.0,1.0,1.0,1.0,1.0
ACTGGCAGCTATGGAATGTGCCTTTCCTAAGGAATTTGCTAATAGATGCCTAAGCCCAGAAAGGGTGCTTCTTCAACTAAAATACAGGCAAGTTTAAAGCATTACATTACGTAATCATATACGGCAGTATGGTTAAGGTTTCTGTGTAGTCTGTGACTTCCATGTCAAAATGTTGCACAAGCCAGTTGTCAGTGACAGTTGCCATCCTACACTGCTGTTCTCCTGTCATCCCTAGCCCCCA,ACTGGCAGCTATGGAATGTGCCTTTCCTAAGGAATTTGCTAATAGATGCCTAAGCCCAGAAAGGGTGCTTCTTCAACTAAAATACAGGCAAGTTTAAAGCATTACATTACGTAATCATATACGGCAGTATGGTTAAGGTTTCTGTGTAGTCTGTGACTTCCATGTCAAAATGTTGCACAAGCCAGTTGTCAGTGACAGTTGCCATCCCACACTGCTGTTCTCCTGTCATCCCTAGCCCCCA,0,0,0,1.0,1.0,1.0,1.0,1.0,1.0,1.0,1,1,1.0,1.0,1,1.0,1.0,1.0,1.0,1.0,1.0,1.0,1.0,1.0,1.0,1.0,1.0
ACTGGCAGCTATGGAATGTGCCTTTCCTAAGGAATTTGCTAATAGATGCCTAAGCCCAGAAAGGGTGCTTCTTCAACTCAAATACAGGCAAGTTTAAAGCATTACATTACGTAATCATATACGGCAGTATGGTTAAGGTTTCTGTGTAGTCTGTGACTTCCATGTCAAAATGTTGCACAAGCCAGTTGTCAGTGACAGTTGCCATCCCACACTGCTGTTCTCCTGTCATCCCTAGCCCCCC,ACTGGCAGCTATGGAATGTGCCTTTCCTAAGGAATTTGCTAATAGATGCCTAAGCCCAGAAAGGGTGCTTCTTCAACTAAAATACAGGCAAGTTTAAAGCATTACATTACGTAATCATATACGGCAGTATGGTTAAGGTTTCTGTGTAGTCTGTGACTTCCATGTCAAAATGTTGCACAAGCCAGTTGTCAGTGACAGTTGCCATCCCACACTGCTGTTCTCCTGTCATCCCTAGCCCCCA,0,0,0,1.0,1.0,1.0,1.0,1.0,1.0,1.0,1,1,1.0,1.0,1,1.0,1.0,1.0,1.0,1.0,1.0,1.0,1.0,1.0,1.0,1.0,1.0
ACTGGCAGCTATGGAATGTGCCTTTCCTAAGGAATTTGCTAATAGATGCCTAAGCCCAGAAAGGGTGCTTCTTCAACTAAAATACAGGCAAGTTTAAAGCATTACATTACGTAATCATATACGACAGTATGGTTAAGGTTTCTGTGTAGTCTGTGACTTCCATGTCAAAATGTTGCACAAGCCAGTTGTCAGTGACAGTTGCCATCCCACACTGCTGTTCTCCTGTCATCCCTAGCCCCCA,ACTGGCAGCTATGGAATGTGCCTTTCCTAAGGAATTTGCTAATAGATGCCTAAGCCCAGAAAGGGTGCTTCTTCAACTAAAATACAGGCAAGTTTAAAGCATTACATTACGTAATCATATACGGCAGTATGGTTAAGGTTTCTGTGTAGTCTGTGACTTCCATGTCAAAATGTTGCACAAGCCAGTTGTCAGTGACAGTTGCCATCCCACACTGCTGTTCTCCTGTCATCCCTAGCCCCCA,0,0,0,1.0,1.0,1.0,1.0,1.0,1.0,1.0,1,1,1.0,1.0,1,1.0,1.0,1.0,1.0,1.0,1.0,1.0,1.0,1.0,1.0,1.0,1.0
ACTGGCAGCTATGGAATGTGCCTTTCCTAAGGAATTTGCTAATAGATGCCTAAGCCCAAGAAAGGGTGCTTCTTC---TCAAATACAGGCAAGTTTAAAGCATTACATTACGTAATCATATACGGCAGTATGGTTAAGGTTTCTGTGTAGTCTGTGACTTCCATGTCAAAATGTTGCACAAGCCAGTTGTCAGTGACAGTTGCCATCCCACACTGCTGTTCTCCTGTCATCCCTAGCCCCCA,ACTGGCAGCTATGGAATGTGCCTTTCCTAAGGAATTTGCTAATAGATGCCTAAGCCCA-GAAAGGGTGCTTCTTCAACTAAAATACAGGCAAGTTTAAAGCATTACATTACGTAATCATATACGGCAGTATGGTTAAGGTTTCTGTGTAGTCTGTGACTTCCATGTCAAAATGTTGCACAAGCCAGTTGTCAGTGACAGTTGCCATCCCACACTGCTGTTCTCCTGTCATCCCTAGCCCCCA,0,1,0,1.0,1.0,1.0,1.0,1.0,1.0,1.0,1,1,1.0,1.0,1,1.0,1.0,1.0,1.0,1.0,1.0,1.0,1.0,1.0,1.0,1.0,1.0
ACTGGCAGCTATGGAATGTGCCTTTCCTAAGGAATTTGCTAATAGATGCCTAAGCCCAAGAAAGGGTGCTTCTTCG-CTCAAATACAGGCAAGTTTAAAGCATTACATTACGTAATCATATACGGCAGTATGGTTAAGGTTTCTGTGTAGTCTGTGACTTCCATGTCAAAATGTTGCACAAGCCAGTTGTCAGTGACAGTTGCCATCCCACACTGCTGTTCTCCTGTCATCCCTAGCCCCCA,ACTGGCAGCTATGGAATGTGCCTTTCCTAAGGAATTTGCTAATAGATGCCTAAGCCCA-GAAAGGGTGCTTCTTCAACTAAAATACAGGCAAGTTTAAAGCATTACATTACGTAATCATATACGGCAGTATGGTTAAGGTTTCTGTGTAGTCTGTGACTTCCATGTCAAAATGTTGCACAAGCCAGTTGTCAGTGACAGTTGCCATCCCACACTGCTGTTCTCCTGTCATCCCTAGCCCCCA,0,1,0,1.0,1.0,1.0,1.0,1.0,1.0,1.0,1,1,1.0,1.0,1,1.0,1.0,1.0,1.0,1.0,1.0,1.0,1.0,1.0,1.0,1.0,1.0
ACTGGCAGCTATGGAATGTGCCTTTCCTAAGGAATTTGCTAATAGATGCCTAAGCCCAGAAAGGGTCCTTCTTCAACTAAAATACAGGCAAGTTTAAAGCATTACATTACGTAATCATATACGGCAGTATGGTTAAGGTTTCTGTGTAGTCTGTGACTTCCATGTCAAAATGTTGCACAAGCCAGTTGTCAGTGACAGTTGCCATCCCACACTGCTGTTCTCCTGTCATCCCTAGCCCCCA,ACTGGCAGCTATGGAATGTGCCTTTCCTAAGGAATTTGCTAATAGATGCCTAAGCCCAGAAAGGGTGCTTCTTCAACTAAAATACAGGCAAGTTTAAAGCATTACATTACGTAATCATATACGGCAGTATGGTTAAGGTTTCTGTGTAGTCTGTGACTTCCATGTCAAAATGTTGCACAAGCCAGTTGTCAGTGACAGTTGCCATCCCACACTGCTGTTCTCCTGTCATCCCTAGCCCCCA,0,0,0,1.0,1.0,1.0,1.0,1.0,1.0,1.0,1,1,1.0,1.0,1,1.0,1.0,1.0,1.0,1.0,1.0,1.0,1.0,1.0,1.0,1.0,1.0
ACTGGCAGCTATGGAATGTGCCTTTCCTAAGGAATTTGCTAATAGATGCCTAAGCCCAGAAAGGGTGCTTCTTCAACTAAAATACAGGCAAGTTTAAAGCATTACATTACGTAATCATATACGGCAGTATGGTTAAGGTTTCTGTGTAGTCTGTGACTTCCATGTCAAAATGTTGCACAAGCCAGTTGTCAGTGACAGTTGCCATCTCACACTGCTGTTCTCCTGTCATCCCTAGCCCCCA,ACTGGCAGCTATGGAATGTGCCTTTCCTAAGGAATTTGCTAATAGATGCCTAAGCCCAGAAAGGGTGCTTCTTCAACTAAAATACAGGCAAGTTTAAAGCATTACATTACGTAATCATATACGGCAGTATGGTTAAGGTTTCTGTGTAGTCTGTGACTTCCATGTCAAAATGTTGCACAAGCCAGTTGTCAGTGACAGTTGCCATCCCACACTGCTGTTCTCCTGTCATCCCTAGCCCCCA,0,0,0,1.0,1.0,1.0,1.0,1.0,1.0,1.0,1,1,1.0,1.0,1,1.0,1.0,1.0,1.0,1.0,1.0,1.0,1.0,1.0,1.0,1.0,1.0
ACTGGCAGCTATGGAATGTGCCTTTCCTAAGGAATTTGCTAATAGATGCCTAAGCCCAGAAAGGGTGCTTCTTCTACTCAAATACAGGCAAGTTTAAAGCATTACATTACGTAATCATATACGGCAGTATGGTTAAGGTTTCTGTGTAGTCTGTGACTTCCATGTCAAAATGTTGCACAAGCCAGTTGTCAGTGACAGTTGCCATCCCACACTGCTGTTCTCCTGTCATCCCTAGCCCCCC,ACTGGCAGCTATGGAATGTGCCTTTCCTAAGGAATTTGCTAATAGATGCCTAAGCCCAGAAAGGGTGCTTCTTCAACTAAAATACAGGCAAGTTTAAAGCATTACATTACGTAATCATATACGGCAGTATGGTTAAGGTTTCTGTGTAGTCTGTGACTTCCATGTCAAAATGTTGCACAAGCCAGTTGTCAGTGACAGTTGCCATCCCACACTGCTGTTCTCCTGTCATCCCTAGCCCCCA,0,0,0,1.0,1.0,1.0,1.0,1.0,1.0,1.0,1,1,1.0,1.0,1,1.0,1.0,1.0,1.0,1.0,1.0,1.0,1.0,1.0,1.0,1.0,1.0
ACTGGCAGCTATGGAATGTGCCTTTCCTAAGGAATTTGCTAATAGATGCCTAAGCCCAGAAAGGGTGCTTCTTCAACTAAAATACAGGCAAGTTTAAAGCATTACATTACGTAATCATATACGGCAGTATGGTTAAGGTTTCTGTGTAGTTTGTGACTTCCATGTCAAAATGTTGCACAAGCCAGTTGTCAGTGACAGTTGCCATCCCACACTGCTGTTCTCCTGTCATCCCTAGCCCCCA,ACTGGCAGCTATGGAATGTGCCTTTCCTAAGGAATTTGCTAATAGATGCCTAAGCCCAGAAAGGGTGCTTCTTCAACTAAAATACAGGCAAGTTTAAAGCATTACATTACGTAATCATATACGGCAGTATGGTTAAGGTTTCTGTGTAGTCTGTGACTTCCATGTCAAAATGTTGCACAAGCCAGTTGTCAGTGACAGTTGCCATCCCACACTGCTGTTCTCCTGTCATCCCTAGCCCCCA,0,0,0,1.0,1.0,1.0,1.0,1.0,1.0,1.0,1,1,1.0,1.0,1,1.0,1.0,1.0,1.0,1.0,1.0,1.0,1.0,1.0,1.0,1.0,1.0
ACTGGCAGCTATGGAATGTGCCTTTCCTAAGGAATTTGCTAATAGATGCCTAAGCCCAAGAAAGGGTGCTTCTTCAGCTCAAATACAGGCAAGTTTAAAGCATTACATTACGTAATCATATACGGCAGTATGGTTAAGGTTTCTGTGTAGTCTGTGACTTCCATGTCAAAATGTTGCACAAGCCAGTTGTCAGTGACAGTTGCCATCCCACACTGCTGTTCTCCTGTCATCCCTAGCCCCCC,ACTGGCAGCTATGGAATGTGCCTTTCCTAAGGAATTTGCTAATAGATGCCTAAGCCCA-GAAAGGGTGCTTCTTCAACTAAAATACAGGCAAGTTTAAAGCATTACATTACGTAATCATATACGGCAGTATGGTTAAGGTTTCTGTGTAGTCTGTGACTTCCATGTCAAAATGTTGCACAAGCCAGTTGTCAGTGACAGTTGCCATCCCACACTGCTGTTCTCCTGTCATCCCTAGCCCCCA,0,1,0,1.0,1.0,1.0,1.0,1.0,1.0,1.0,1,1,1.0,1.0,1,1.0,1.0,1.0,1.0,1.0,1.0,1.0,1.0,1.0,1.0,1.0,1.0
ACTGGCAGCTATGGAATGTTCCTTTCCTAAGGAATTTGCTAATAGATGCCTAAGCCCAGAAAGGGTGCTTCTTCAACTAAAATACAGGCAAGTTTAAAGCATTACATTACGTAATCATATACGGCAGTATGGTTAAGGTTTCTGTGTAGTCTGTGACTTCCATGTCAAAATGTTGCACAAGCCAGTTGTCAGTGACAGTTGCCATCCCACACTGCTGTTCTCCTGTCATCCCTAGCCCCCA,ACTGGCAGCTATGGAATGTGCCTTTCCTAAGGAATTTGCTAATAGATGCCTAAGCCCAGAAAGGGTGCTTCTTCAACTAAAATACAGGCAAGTTTAAAGCATTACATTACGTAATCATATACGGCAGTATGGTTAAGGTTTCTGTGTAGTCTGTGACTTCCATGTCAAAATGTTGCACAAGCCAGTTGTCAGTGACAGTTGCCATCCCACACTGCTGTTCTCCTGTCATCCCTAGCCCCCA,0,0,0,1.0,1.0,1.0,1.0,1.0,1.0,1.0,1,1,1.0,1.0,1,1.0,1.0,1.0,1.0,1.0,1.0,1.0,1.0,1.0,1.0,1.0,1.0
ACTGGCAGCTATGGAATGTGCCTTTCCTAAGGAATTTGCTAATAGATGCCTAAGCCCAGAAAGGGTGCTTGCCCAGCTCAAATACAGGCAAGTTTAAAGCATTACATTACGTAATCATATACGGCAGTATGGTTAAGGTTTCTGTGTAGTCTGTGACTTCCATGTCAAAATGTTGCACAAGCCAGTTGTCAGTGACAGTTGCCATCCCACACTGCTGTTCTCCTGTCATCCCTAGCCCCA-,ACTGGCAGCTATGGAATGTGCCTTTCCTAAGGAATTTGCTAATAGATGCCTAAGCCCAGAAAGGGTGCTTCTTCAACTAAAATACAGGCAAGTTTAAAGCATTACATTACGTAATCATATACGGCAGTATGGTTAAGGTTTCTGTGTAGTCTGTGACTTCCATGTCAAAATGTTGCACAAGCCAGTTGTCAGTGACAGTTGCCATCCCACACTGCTGTTCTCCTGTCATCCCTAGCCCCCA,0,0,0,1.0,1.0,1.0,1.0,1.0,1.0,1.0,1,1,1.0,1.0,1,1.0,1.0,1.0,1.0,1.0,1.0,1.0,1.0,1.0,1.0,1.0,1.0
ACTGGCAGCTATGGAATGTGCCTTTCCTAAGGAATTTGCTAATAGATGCCTAAGCCCAGAAAGGGTGCTTCTTCAACT----TACAGGCAAGTTTAAAGCATTACATTACGTAATCATATACGGCAGTATGGTTAAGGTTTCTGTGTAGTCTGTGACTTCCATGTCAAAATGTTGCACAAGCCAGTTGTCAGTGACAGTTGCCATCCCACACTGCTGTTCTCCTGTCATCCCTAGCCCCCA,ACTGGCAGCTATGGAATGTGCCTTTCCTAAGGAATTTGCTAATAGATGCCTAAGCCCAGAAAGGGTGCTTCTTCAACTAAAATACAGGCAAGTTTAAAGCATTACATTACGTAATCATATACGGCAGTATGGTTAAGGTTTCTGTGTAGTCTGTGACTTCCATGTCAAAATGTTGCACAAGCCAGTTGTCAGTGACAGTTGCCATCCCACACTGCTGTTCTCCTGTCATCCCTAGCCCCCA,4,0,0,1.0,1.0,1.0,1.0,1.0,1.0,1.0,1,1,1.0,1.0,1,1.0,1.0,1.0,1.0,1.0,1.0,1.0,1.0,1.0,1.0,1.0,1.0
ACTGGCAGCTATGGAATGTGCCTTTCCTAAGGAATTTGCTAATAGATGCCTAAGCCCAAGAAAGGGTGCTTCTTCAACTAAAA--CAGGCAAGTTTAAAGCATTACATTACGTAATCATATACGGCAGTATGGTTAAGGTTTCTGTGTAGTCTGTGACTTCCATGTCAAAATGTTGCACAAGCCAGTTGTCAGTGACAGTTGCCATCCCACACTGCTGTTCTCCTGTCATCCCTAGCCCCCA,ACTGGCAGCTATGGAATGTGCCTTTCCTAAGGAATTTGCTAATAGATGCCTAAGCCCA-GAAAGGGTGCTTCTTCAACTAAAATACAGGCAAGTTTAAAGCATTACATTACGTAATCATATACGGCAGTATGGTTAAGGTTTCTGTGTAGTCTGTGACTTCCATGTCAAAATGTTGCACAAGCCAGTTGTCAGTGACAGTTGCCATCCCACACTGCTGTTCTCCTGTCATCCCTAGCCCCCA,2,1,0,1.0,1.0,1.0,1.0,1.0,1.0,1.0,1,1,1.0,1.0,1,1.0,1.0,1.0,1.0,1.0,1.0,1.0,1.0,1.0,1.0,1.0,1.0
ACTGGCAGCTATGGAATGTGCCTTTCCTAAGGAATTTGCTAATAGATGCCTAAGCCCAGAAAGGGTGCTTCTTCAACTAAAATACAGGCAAGTTTAAAGCATTACATTACGTAATCATATACGGCAGTATGGTTAAGGTTTCTGTGTAGTCTGTGACTTCTATGTCAAAATGTTGCACAAGCCAGTTGTCAGTGACAGTTGCCATCCCACACTGCTGTTCTCCTGTCATCCCTAGCCCCCA,ACTGGCAGCTATGGAATGTGCCTTTCCTAAGGAATTTGCTAATAGATGCCTAAGCCCAGAAAGGGTGCTTCTTCAACTAAAATACAGGCAAGTTTAAAGCATTACATTACGTAATCATATACGGCAGTATGGTTAAGGTTTCTGTGTAGTCTGTGACTTCCATGTCAAAATGTTGCACAAGCCAGTTGTCAGTGACAGTTGCCATCCCACACTGCTGTTCTCCTGTCATCCCTAGCCCCCA,0,0,0,1.0,1.0,1.0,1.0,1.0,1.0,1.0,1,1,1.0,1.0,1,1.0,1.0,1.0,1.0,1.0,1.0,1.0,1.0,1.0,1.0,1.0,1.0
ACTGGCAGCTATGGAATGTGCCTTTCCTAAGGAATTTGCTAATAGATGCCTAAGCCCAGAAAGGGCCCTTCTTCAGCTCAAATACAGGCAAGTTTAAAGCATTACATTACGTAATCATATACGGCAGTATGGTTAAGGTTTCTGTGTAGTCTGTGACTTCCATGTCAAAATGTTGCACAAGCCAGTTGTCAGTGACAGTTGCCATCCCACACTGCTGTTCTCCTGTCATCCCTAGCCCCCA,ACTGGCAGCTATGGAATGTGCCTTTCCTAAGGAATTTGCTAATAGATGCCTAAGCCCAGAAAGGGTGCTTCTTCAACTAAAATACAGGCAAGTTTAAAGCATTACATTACGTAATCATATACGGCAGTATGGTTAAGGTTTCTGTGTAGTCTGTGACTTCCATGTCAAAATGTTGCACAAGCCAGTTGTCAGTGACAGTTGCCATCCCACACTGCTGTTCTCCTGTCATCCCTAGCCCCCA,0,0,0,90.0,90.0,90.0,84.0,110.0,50.0,5.0,9,3,6.0,7.0,7,84.0,90.0,84.0,84.0,120.0,90.0,5.0,0.0,3.0,6.0,7.0,4.0
ACTGGCAGCTATGGAATGTGCCTTTCCTAAGGAATTTGCTAATAGATGCCTAAGCCCAGAAAGGGCCCTTCTTCAGCTCAAATACAGGCAAGTTTAAAGCATTACATTACGTAATCATATACGGCAGTATGGTTAAGGTTTCTGTGTAGTCTGTGACTTCCATGTCAAAATGTTGCACAAGCCAGTTGTCAGTGACAGTTGCCATCCCACACTGCTGTTCTCCTGTCATCCCTAGCCCCA-,ACTGGCAGCTATGGAATGTGCCTTTCCTAAGGAATTTGCTAATAGATGCCTAAGCCCAGAAAGGGTGCTTCTTCAACTAAAATACAGGCAAGTTTAAAGCATTACATTACGTAATCATATACGGCAGTATGGTTAAGGTTTCTGTGTAGTCTGTGACTTCCATGTCAAAATGTTGCACAAGCCAGTTGTCAGTGACAGTTGCCATCCCACACTGCTGTTCTCCTGTCATCCCTAGCCCCCA,0,0,0,2.0,1.0,1.0,1.0,1.0,1.0,2.0,1,1,0.0,1.0,1,2.0,1.0,1.0,1.0,1.0,1.0,2.0,1.0,1.0,0.0,1.0,1.0
ACTGGCAGCTATGGAATGTGCCTTTCCTAAGGAATTTGCTAATAGATGCCTAAGCCCAAGAAAGGGTGCTTCTTCAGCTCAAATACAGGCAAGTTTAAAGCATTACATTACGTAATCATATACGGCAGTATGGTTAAGGTTTCTGTGTAGTCTGTGACTTCCATGTCAAAATGTTGCACAAGCCAGTTGTCAGTGACAGTTGCCATCCCACACTGCTGTTCTCCTGTCATCCCTAGCCCCA-,ACTGGCAGCTATGGAATGTGCCTTTCCTAAGGAATTTGCTAATAGATGCCTAAGCCCA-GAAAGGGTGCTTCTTCAACTAAAATACAGGCAAGTTTAAAGCATTACATTACGTAATCATATACGGCAGTATGGTTAAGGTTTCTGTGTAGTCTGTGACTTCCATGTCAAAATGTTGCACAAGCCAGTTGTCAGTGACAGTTGCCATCCCACACTGCTGTTCTCCTGTCATCCCTAGCCCCCA,0,1,0,1.0,1.0,1.0,1.0,1.0,1.0,1.0,1,1,0.0,1.0,1,1.0,1.0,1.0,1.0,1.0,1.0,1.0,1.0,1.0,0.0,1.0,1.0
ACTGG-AGCTATGGAATGTGCCTTTCCTAAGGAATTTGCTAATAGATGCCTAAGCCCAGAAAGGGTGCTTCTTCAACTAAAATACAGGCAAGTTTAAAGCATTACATTACGTAATCATATACGGCAGTATGGTTAAGGTTTCTGTGTAGTCTGTGACTTCCATGTCAAAATGTTGCACAAGCCAGTTGTCAGTGACAGTTGCCATCCCACACTGCTGTTCTCCTGTCATCCCTAGCCCCCA,ACTGGCAGCTATGGAATGTGCCTTTCCTAAGGAATTTGCTAATAGATGCCTAAGCCCAGAAAGGGTGCTTCTTCAACTAAAATACAGGCAAGTTTAAAGCATTACATTACGTAATCATATACGGCAGTATGGTTAAGGTTTCTGTGTAGTCTGTGACTTCCATGTCAAAATGTTGCACAAGCCAGTTGTCAGTGACAGTTGCCATCCCACACTGCTGTTCTCCTGTCATCCCTAGCCCCCA,0,0,0,1.0,1.0,1.0,1.0,1.0,1.0,1.0,1,1,0.0,1.0,1,1.0,1.0,1.0,1.0,1.0,1.0,1.0,1.0,1.0,0.0,1.0,1.0
ACTGGCAGCTATGGAATGTGCCTTTCCTAAGGAATTTGCTAATAGATGCCTAAGCCCAGAAAGGGTGCTTCTTCAACTAAAATACAGGCAAGTTTAAAGCATTACATTACGTAATCATATACGGCAGTATGGTTAAGGTTTCTGTGTAGTCCGTGACTTCCATGTCAAAATGTTGCACAAGCCAGTTGTCAGTGACAGTTGCCATCCCACACTGCTGTTCTCCTGTCATCCCTAGCCCCCA,ACTGGCAGCTATGGAATGTGCCTTTCCTAAGGAATTTGCTAATAGATGCCTAAGCCCAGAAAGGGTGCTTCTTCAACTAAAATACAGGCAAGTTTAAAGCATTACATTACGTAATCATATACGGCAGTATGGTTAAGGTTTCTGTGTAGTCTGTGACTTCCATGTCAAAATGTTGCACAAGCCAGTTGTCAGTGACAGTTGCCATCCCACACTGCTGTTCTCCTGTCATCCCTAGCCCCCA,0,0,0,1.0,1.0,1.0,1.0,1.0,1.0,1.0,1,1,0.0,1.0,1,1.0,1.0,1.0,1.0,1.0,1.0,1.0,1.0,1.0,0.0,1.0,1.0
ACTGGCAGCTATGGAATGTGCCTTTCCTAAGGAATTTGCTAATAGATGCCTAAGCCCAAGAAAGGGTGCTTCTTCAACTAAA-TACAGGCAAGTTTAAAGCATTACATTACGTAATCATATACGGCAGTATGGTTAAGGTTTCTGTGTAGTCTGTGACTTCCATGTCAAAATGTTGCACAAGCCAGTTGTCAGTGACAGTTGCCATCCCACACTGCTGTTCTCCTGTCATCCCTAGCCCCCA,ACTGGCAGCTATGGAATGTGCCTTTCCTAAGGAATTTGCTAATAGATGCCTAAGCCCA-GAAAGGGTGCTTCTTCAACTAAAATACAGGCAAGTTTAAAGCATTACATTACGTAATCATATACGGCAGTATGGTTAAGGTTTCTGTGTAGTCTGTGACTTCCATGTCAAAATGTTGCACAAGCCAGTTGTCAGTGACAGTTGCCATCCCACACTGCTGTTCTCCTGTCATCCCTAGCCCCCA,1,1,0,1.0,1.0,1.0,1.0,1.0,1.0,1.0,1,1,0.0,1.0,1,1.0,1.0,1.0,1.0,1.0,1.0,1.0,1.0,1.0,0.0,1.0,1.0
ACTGGCAGCTATGGAATGTGCCTTTCCTAAGGAATTTGCTAATAGATGCCTAAGCCCAGAAAGGGTGCTTTTTCAGCTCAAATACAGGCAAGTTTAAAGCATTACATTACGTAATCATATACGGCAGTATGGTTAAGGTTTCTGTGTAGTCTGTGACTTCCATGTCAAAATGTTGCACAAGCCAGTTGTCAGTGACAGTTGCCATCCCACACTGCTGTTCTCCTGTCATCCCTAGCCCCCC,ACTGGCAGCTATGGAATGTGCCTTTCCTAAGGAATTTGCTAATAGATGCCTAAGCCCAGAAAGGGTGCTTCTTCAACTAAAATACAGGCAAGTTTAAAGCATTACATTACGTAATCATATACGGCAGTATGGTTAAGGTTTCTGTGTAGTCTGTGACTTCCATGTCAAAATGTTGCACAAGCCAGTTGTCAGTGACAGTTGCCATCCCACACTGCTGTTCTCCTGTCATCCCTAGCCCCCA,0,0,0,1.0,1.0,1.0,1.0,1.0,1.0,1.0,1,1,0.0,1.0,1,1.0,1.0,1.0,1.0,1.0,1.0,1.0,1.0,1.0,0.0,1.0,1.0
ACTGGCAGCTATGGAATGTGCCTTTCCTAAGGAATTTGCTAATAGATGCCTAAGCCCAGAAAGGGTGCTTCTTCAACTAAAATACAGGCAAGTTTAAAGCATTACATTACGTAATCATATACGGCAGTATGGTTAAGGTTTCTGTGTAGTCTGTGACTTCCATGTCAAAATGTTGCACAAGCCAGTTGTCAGTGACAGTTGCCATCCCACACTGCTGTTCTCCTGTAATCCCTAGCCCCCA,ACTGGCAGCTATGGAATGTGCCTTTCCTAAGGAATTTGCTAATAGATGCCTAAGCCCAGAAAGGGTGCTTCTTCAACTAAAATACAGGCAAGTTTAAAGCATTACATTACGTAATCATATACGGCAGTATGGTTAAGGTTTCTGTGTAGTCTGTGACTTCCATGTCAAAATGTTGCACAAGCCAGTTGTCAGTGACAGTTGCCATCCCACACTGCTGTTCTCCTGTCATCCCTAGCCCCCA,0,0,0,1.0,1.0,1.0,1.0,1.0,1.0,1.0,1,1,0.0,1.0,1,1.0,1.0,1.0,1.0,1.0,1.0,1.0,1.0,1.0,0.0,1.0,1.0
ACTGGCAGCTATGGAATGTGCCTTTCCTAAGGAATTTGCTAATAGATGCCTAAGCCCAAAAAGGGTGCTTGCCCAGCTCAAATACAGGCAAGTTTAAAGCATTACATTACGTAATCATATACGGCAGTATGGTTAAGGTTTCTGTGTAGTCTGTGACTTCCATGTCAAAATGTTGCACAAGCCAGTTGTCAGTGACAGTTGCCATCCCACACTGCTGTTCTCCTGTCATCCCTAGCCCCCA,ACTGGCAGCTATGGAATGTGCCTTTCCTAAGGAATTTGCTAATAGATGCCTAAGCCCAGAAAGGGTGCTTCTTCAACTAAAATACAGGCAAGTTTAAAGCATTACATTACGTAATCATATACGGCAGTATGGTTAAGGTTTCTGTGTAGTCTGTGACTTCCATGTCAAAATGTTGCACAAGCCAGTTGTCAGTGACAGTTGCCATCCCACACTGCTGTTCTCCTGTCATCCCTAGCCCCCA,0,0,1,1.0,1.0,1.0,1.0,1.0,1.0,1.0,1,1,0.0,1.0,1,1.0,1.0,1.0,1.0,1.0,1.0,1.0,1.0,1.0,0.0,1.0,1.0
ACTGGCAGCTATGGAATGTGCCTTTCCTAAGGAATTTGCTAATAGATGCCTAAGCCCAAGAAAGGGTGCTTCTTC--------TACAGGCAAGTTTAAAGCATTACATTACGTAATCATATACGGCAGTATGGTTAAGGTTTCTGTGTAGTCTGTGACTTCCATGTCAAAATGTTGCACAAGCCAGTTGTCAGTGACAGTTGCCATCCCACACTGCTGTTCTCCTGTCATCCCTAGCCCCCA,ACTGGCAGCTATGGAATGTGCCTTTCCTAAGGAATTTGCTAATAGATGCCTAAGCCCA-GAAAGGGTGCTTCTTCAACTAAAATACAGGCAAGTTTAAAGCATTACATTACGTAATCATATACGGCAGTATGGTTAAGGTTTCTGTGTAGTCTGTGACTTCCATGTCAAAATGTTGCACAAGCCAGTTGTCAGTGACAGTTGCCATCCCACACTGCTGTTCTCCTGTCATCCCTAGCCCCCA,8,1,0,1.0,1.0,1.0,1.0,1.0,1.0,1.0,1,1,0.0,1.0,1,1.0,1.0,1.0,1.0,1.0,1.0,1.0,1.0,1.0,0.0,1.0,1.0
ACTGGCAGCTATGGAATGTGCCTTTCCTAAGGAATTTGCTAATAGATGCCTAAGCCCAGAAAGGGTGCTTCTTC--CTCAAATACAGGCAAGTTTAAAGCATTACATTACGTAATCATATACGGCAGTATGGTTAAGGTTTCTGTGTAGTCTGTGACTTCCATGTCAAAATGTTGCACAAGCCAGTTGTCAGTGACAGTTGCCATCCCACACTGCTGTTCTCCTGTCATCCCTAGCCCCCA,ACTGGCAGCTATGGAATGTGCCTTTCCTAAGGAATTTGCTAATAGATGCCTAAGCCCAGAAAGGGTGCTTCTTCAACTAAAATACAGGCAAGTTTAAAGCATTACATTACGTAATCATATACGGCAGTATGGTTAAGGTTTCTGTGTAGTCTGTGACTTCCATGTCAAAATGTTGCACAAGCCAGTTGTCAGTGACAGTTGCCATCCCACACTGCTGTTCTCCTGTCATCCCTAGCCCCCA,0,0,0,1.0,1.0,1.0,1.0,1.0,1.0,1.0,1,1,0.0,1.0,1,1.0,1.0,1.0,1.0,1.0,1.0,1.0,1.0,1.0,0.0,1.0,1.0
ACTGGCAGCTATGGAATGTGCCTTTCCTAAGGAATTTGCTAATAGATGCCTAAGCCCAGAAAGGGTGCTTCTTC---TCAAATACAGGCAAGTTTAAAGCATTACATTACGTAATCATATACGGCAGTATGGTTAAGGTTTCTGTGTAGTCTGTGACTTCCATGTCAAAATGTTGCACAAGCCAGTTGTCAGTGACAGTTGCCATCCCACACTGCTGTTCTCCTGTCATCCCTAGCCCCCA,ACTGGCAGCTATGGAATGTGCCTTTCCTAAGGAATTTGCTAATAGATGCCTAAGCCCAGAAAGGGTGCTTCTTCAACTAAAATACAGGCAAGTTTAAAGCATTACATTACGTAATCATATACGGCAGTATGGTTAAGGTTTCTGTGTAGTCTGTGACTTCCATGTCAAAATGTTGCACAAGCCAGTTGTCAGTGACAGTTGCCATCCCACACTGCTGTTCTCCTGTCATCCCTAGCCCCCA,0,0,0,1.0,1.0,1.0,1.0,1.0,1.0,1.0,1,1,0.0,1.0,1,1.0,1.0,1.0,1.0,1.0,1.0,1.0,1.0,1.0,0.0,1.0,1.0
ACTGGCAGCTATGGAATGTGCCTTTCCTAAGGAATTTGCTAATAGATGCCTAAGCCCAGAAAGGGTGCTTCTTCAGCTCAAATACAGGCAAGTTTAAAGCATTACATTACGTAATCATATACGGCAGTATGGTTAAGGTTTCTGTGTAGTCTGTGACTTCCATGTCAAAATGTTGCACAAGCCAGTTGTCAGTGACAGTTGCCATCCCACACTGCTGTTCTACTGTCATCCCTAGCCCCCA,ACTGGCAGCTATGGAATGTGCCTTTCCTAAGGAATTTGCTAATAGATGCCTAAGCCCAGAAAGGGTGCTTCTTCAACTAAAATACAGGCAAGTTTAAAGCATTACATTACGTAATCATATACGGCAGTATGGTTAAGGTTTCTGTGTAGTCTGTGACTTCCATGTCAAAATGTTGCACAAGCCAGTTGTCAGTGACAGTTGCCATCCCACACTGCTGTTCTCCTGTCATCCCTAGCCCCCA,0,0,0,1.0,1.0,1.0,1.0,1.0,1.0,1.0,1,1,0.0,1.0,1,1.0,1.0,1.0,1.0,1.0,1.0,1.0,1.0,1.0,0.0,1.0,1.0
ACTGGCAGCTATGGAATGTGCCTTTCCTAAGGAATTTGCTAATAGATGCCTAAGCCCAGAAAGGGTGCTTCTTCAACTAAAATACAGGCAAGTTTAAAGCATTACATTACGTAATCATATACGGCAGTATGGTTAAGGTTTCTGTGTAGTCTGTGACTTCCATGTCAAAATGTTGCACAAGCCAGTTGTCAGTGACAGTTGCCATCCCACACTGCTGTTCCCCTGTCATCCCTAGCCCCCA,ACTGGCAGCTATGGAATGTGCCTTTCCTAAGGAATTTGCTAATAGATGCCTAAGCCCAGAAAGGGTGCTTCTTCAACTAAAATACAGGCAAGTTTAAAGCATTACATTACGTAATCATATACGGCAGTATGGTTAAGGTTTCTGTGTAGTCTGTGACTTCCATGTCAAAATGTTGCACAAGCCAGTTGTCAGTGACAGTTGCCATCCCACACTGCTGTTCTCCTGTCATCCCTAGCCCCCA,0,0,0,1.0,1.0,1.0,1.0,1.0,1.0,1.0,1,1,0.0,1.0,1,1.0,1.0,1.0,1.0,1.0,1.0,1.0,1.0,1.0,0.0,1.0,1.0
ACTGGCAGCTATGGAATGTGCCTTTCCTAAGGAATTTGCTAATAGATGCCTAAGCCCAGAAAGGGTGCTTCTTCAACTAAAATACAGGCAAGTTTAAAGCATTACATTACGTAATCATATACGGCAGTATGGTTAAGGTTTCTGTGTAGTCTGTGACTTCCATGTCAAAATGTTGCACAAGCCAGTTGTCAGTGACAGTTGCCATCCCACACTGTTGTTCTCCTGTCATCCCTAGCCCCCA,ACTGGCAGCTATGGAATGTGCCTTTCCTAAGGAATTTGCTAATAGATGCCTAAGCCCAGAAAGGGTGCTTCTTCAACTAAAATACAGGCAAGTTTAAAGCATTACATTACGTAATCATATACGGCAGTATGGTTAAGGTTTCTGTGTAGTCTGTGACTTCCATGTCAAAATGTTGCACAAGCCAGTTGTCAGTGACAGTTGCCATCCCACACTGCTGTTCTCCTGTCATCCCTAGCCCCCA,0,0,0,1.0,1.0,1.0,1.0,1.0,1.0,1.0,1,1,0.0,1.0,1,1.0,1.0,1.0,1.0,1.0,1.0,1.0,1.0,1.0,0.0,1.0,1.0
ACTGGCAGCTATGGAATGTGCCTTTCCTAAGGAATTTGCTAATAGATGCCTAAGCCCAGAAAGAGTGCTTCTTCAACTAAAATACAGGCAAGTTTAAAGCATTACATTACGTAATCATATACGGCAGTATGGTTAAGGTTTCTGTGTAGTCTGTGACTTCCATGTCAAAATGTTGCACAAGCCAGTTGTCAGTGACAGTTGCCATCCCACACTGCTGTTCTCCTGTCATCCCTAGCCCCCA,ACTGGCAGCTATGGAATGTGCCTTTCCTAAGGAATTTGCTAATAGATGCCTAAGCCCAGAAAGGGTGCTTCTTCAACTAAAATACAGGCAAGTTTAAAGCATTACATTACGTAATCATATACGGCAGTATGGTTAAGGTTTCTGTGTAGTCTGTGACTTCCATGTCAAAATGTTGCACAAGCCAGTTGTCAGTGACAGTTGCCATCCCACACTGCTGTTCTCCTGTCATCCCTAGCCCCCA,0,0,0,1.0,1.0,1.0,1.0,1.0,1.0,1.0,1,1,0.0,1.0,1,1.0,1.0,1.0,1.0,1.0,1.0,1.0,1.0,1.0,0.0,1.0,1.0
ACTGGCAGCTATGGAATGTGCCTTTCCTAAGGAATTTGCTAATAGATGCCTAAGCCCAGAAAGGGTGCTTCTTCAGCTCAAATACAGGCAAGTTTAAAGCATTACATTACGTAATCATATACGGCAGTATGGTTAAGGTTTCTGTGTAGTCTGTGACTTCCATGTCAAAATGTTGCACAAGCCAGTTGTCAGTGACAGTTGCCATCCCACACTGCTGTTCTCCTGTCATCC-TAGCCCCCA,ACTGGCAGCTATGGAATGTGCCTTTCCTAAGGAATTTGCTAATAGATGCCTAAGCCCAGAAAGGGTGCTTCTTCAACTAAAATACAGGCAAGTTTAAAGCATTACATTACGTAATCATATACGGCAGTATGGTTAAGGTTTCTGTGTAGTCTGTGACTTCCATGTCAAAATGTTGCACAAGCCAGTTGTCAGTGACAGTTGCCATCCCACACTGCTGTTCTCCTGTCATCCCTAGCCCCCA,0,0,0,1.0,1.0,1.0,1.0,1.0,1.0,1.0,1,1,0.0,1.0,1,1.0,1.0,1.0,1.0,1.0,1.0,1.0,1.0,1.0,0.0,1.0,1.0
ACTGGCAGCTATGGAATGTGCCTTTCCTAAGGAATTTGCTAATAGATGCCTAAGCCCAAAAAGGGTGCTTCTGCAGCTCAAATACAGGCAAGTTTAAAGCATTACATTACGTAATCATATACGGCAGTATGGTTAAGGTTTCTGTGTAGTCTGTGACTTCCATGTCAAAATGTTGCACAAGCCAGTTGTCAGTGACAGTTGCCATCCCACACTGCTGTTCTCCTGTCATCCCTAGCCCCCA,ACTGGCAGCTATGGAATGTGCCTTTCCTAAGGAATTTGCTAATAGATGCCTAAGCCCAGAAAGGGTGCTTCTTCAACTAAAATACAGGCAAGTTTAAAGCATTACATTACGTAATCATATACGGCAGTATGGTTAAGGTTTCTGTGTAGTCTGTGACTTCCATGTCAAAATGTTGCACAAGCCAGTTGTCAGTGACAGTTGCCATCCCACACTGCTGTTCTCCTGTCATCCCTAGCCCCCA,0,0,1,1.0,1.0,1.0,1.0,1.0,1.0,1.0,1,1,0.0,1.0,1,1.0,1.0,1.0,1.0,1.0,1.0,1.0,1.0,1.0,0.0,1.0,1.0
ACTGGCAGCTATGGAATGTGCCTTTCCTAAGGAATTTGCTAATAGATGCCTAAGCCCAGAAAGGGTGCTTCTTCAACTAAAA--CAGGCAAGTTTAAAGCATTACATTACGTAATCATATACGGCAGTATGGTTAAGGTTTCTGTGTAGTCTGTGACTTCCATGTCAAAATGTTGCACAAGCCAGTTGTCAGTGACAGTTGCCATCCCACACTGCTGTTCTCCTGTCATCCCTAGCCCCCA,ACTGGCAGCTATGGAATGTGCCTTTCCTAAGGAATTTGCTAATAGATGCCTAAGCCCAGAAAGGGTGCTTCTTCAACTAAAATACAGGCAAGTTTAAAGCATTACATTACGTAATCATATACGGCAGTATGGTTAAGGTTTCTGTGTAGTCTGTGACTTCCATGTCAAAATGTTGCACAAGCCAGTTGTCAGTGACAGTTGCCATCCCACACTGCTGTTCTCCTGTCATCCCTAGCCCCCA,2,0,0,1.0,1.0,1.0,1.0,1.0,1.0,1.0,1,1,0.0,1.0,1,1.0,1.0,1.0,1.0,1.0,1.0,1.0,1.0,1.0,0.0,1.0,1.0
ACTGGCAGCTATGGAATGTGCCTTTCCTAAGGAATTTGCTAATAGATGCCTAAGCCCAGAAAGGGTGCTTCTTCG-CTCAAATACAGGCAAGTTTAAAGCATTACATTACGTAATCATATACGGCAGTATGGTTAAGGTTTCTGTGTAGTCTGTGACTTCCATGTCAAAATGTTGCACAAGCCAGTTGTCAGTGACAGTTGCCATCCCACACTGCTGTTCTCCTGTCATCCCTAGCCCCCA,ACTGGCAGCTATGGAATGTGCCTTTCCTAAGGAATTTGCTAATAGATGCCTAAGCCCAGAAAGGGTGCTTCTTCAACTAAAATACAGGCAAGTTTAAAGCATTACATTACGTAATCATATACGGCAGTATGGTTAAGGTTTCTGTGTAGTCTGTGACTTCCATGTCAAAATGTTGCACAAGCCAGTTGTCAGTGACAGTTGCCATCCCACACTGCTGTTCTCCTGTCATCCCTAGCCCCCA,0,0,0,1.0,1.0,1.0,1.0,1.0,1.0,1.0,1,1,0.0,1.0,1,1.0,1.0,1.0,1.0,1.0,1.0,1.0,1.0,1.0,0.0,1.0,1.0
ACTGGCAGCTATGGAATGTGCCTTTCCTAAGGAATTTGCTAATAGATGCCTAAGCCCAAGAAAGGGTGCTTCTTCAACT----TACAGGCAAGTTTAAAGCATTACATTACGTAATCATATACGGCAGTATGGTTAAGGTTTCTGTGTAGTCTGTGACTTCCATGTCAAAATGTTGCACAAGCCAGTTGTCAGTGACAGTTGCCATCCCACACTGCTGTTCTCCTGTCATCCCTAGCCCCCA,ACTGGCAGCTATGGAATGTGCCTTTCCTAAGGAATTTGCTAATAGATGCCTAAGCCCA-GAAAGGGTGCTTCTTCAACTAAAATACAGGCAAGTTTAAAGCATTACATTACGTAATCATATACGGCAGTATGGTTAAGGTTTCTGTGTAGTCTGTGACTTCCATGTCAAAATGTTGCACAAGCCAGTTGTCAGTGACAGTTGCCATCCCACACTGCTGTTCTCCTGTCATCCCTAGCCCCCA,4,1,0,1.0,1.0,1.0,1.0,1.0,1.0,1.0,1,1,0.0,1.0,1,1.0,1.0,1.0,1.0,1.0,1.0,1.0,1.0,1.0,0.0,1.0,1.0
ACTGGCAGCTATGGAATGTGCCTTTCCTAAGGAATTTGCTAATAGATGCCTAAGCCCAGAAAGGGTGCTTCTTC--------TACAGGCAAGTTTAAAGCATTACATTACGTAATCATATACGGCAGTATGGTTAAGGTTTCTGTGTAGTCTGTGACTTCCATGTCAAAATGTTGCACAAGCCAGTTGTCAGTGACAGTTGCCATCCCACACTGCTGTTCTCCTGTCATCCCTAGCCCCCA,ACTGGCAGCTATGGAATGTGCCTTTCCTAAGGAATTTGCTAATAGATGCCTAAGCCCAGAAAGGGTGCTTCTTCAACTAAAATACAGGCAAGTTTAAAGCATTACATTACGTAATCATATACGGCAGTATGGTTAAGGTTTCTGTGTAGTCTGTGACTTCCATGTCAAAATGTTGCACAAGCCAGTTGTCAGTGACAGTTGCCATCCCACACTGCTGTTCTCCTGTCATCCCTAGCCCCCA,8,0,0,1.0,1.0,1.0,1.0,1.0,1.0,1.0,1,1,0.0,1.0,1,1.0,1.0,1.0,1.0,1.0,1.0,1.0,1.0,1.0,0.0,1.0,1.0
ACTGGCAGCTATGGAATGTGCCTTTCCTAAGGAATTTGCTAATAGATGCCTAAGCCCAGAAAGGGTGCTTCTTCA-------TACAGGCAAGTTTAAAGCATTACATTACGTAATCATATACGGCAGTATGGTTAAGGTTTCTGTGTAGTCTGTGACTTCCATGTCAAAATGTTGCACAAGCCAGTTGTCAGTGACAGTTGCCATCCCACACTGCTGTTCTCCTGTCATCCCTAGCCCCCA,ACTGGCAGCTATGGAATGTGCCTTTCCTAAGGAATTTGCTAATAGATGCCTAAGCCCAGAAAGGGTGCTTCTTCAACTAAAATACAGGCAAGTTTAAAGCATTACATTACGTAATCATATACGGCAGTATGGTTAAGGTTTCTGTGTAGTCTGTGACTTCCATGTCAAAATGTTGCACAAGCCAGTTGTCAGTGACAGTTGCCATCCCACACTGCTGTTCTCCTGTCATCCCTAGCCCCCA,7,0,0,1.0,1.0,1.0,1.0,1.0,1.0,1.0,1,1,0.0,1.0,1,1.0,1.0,1.0,1.0,1.0,1.0,1.0,1.0,1.0,0.0,1.0,1.0
ACTGGCAGCTATGGAATGTGCCTTTCCTAAGGAATTTGCTAATAGATGCCTAAGCCCAAGAAAGGGTGCTTCTTCAACTAAAACACAGGCAAGTTTAAAGCATTACATTACGTAATCATATACGGCAGTATGGTTAAGGTTTCTGTGTAGTCTGTGACTTCCATGTCAAAATGTTGCACAAGCCAGTTGTCAGTGACAGTTGCCATCCCACACTGCTGTTCTCCTGTCATCCCTAGCCCCCA,ACTGGCAGCTATGGAATGTGCCTTTCCTAAGGAATTTGCTAATAGATGCCTAAGCCCA-GAAAGGGTGCTTCTTCAACTAAAATACAGGCAAGTTTAAAGCATTACATTACGTAATCATATACGGCAGTATGGTTAAGGTTTCTGTGTAGTCTGTGACTTCCATGTCAAAATGTTGCACAAGCCAGTTGTCAGTGACAGTTGCCATCCCACACTGCTGTTCTCCTGTCATCCCTAGCCCCCA,0,1,1,1.0,1.0,1.0,1.0,1.0,1.0,1.0,1,1,0.0,1.0,1,1.0,1.0,1.0,1.0,1.0,1.0,1.0,1.0,1.0,0.0,1.0,1.0
ACTGGCAGCTATGGAATGTGCCTTTCCTAAGGAATTTGCTAATAGATGCCTAAGCCCAAGAAAGGGTGCTTCTTCAACTA---TACAGGCAAGTTTAAAGCATTACATTACGTAATCATATACGGCAGTATGGTTAAGGTTTCTGTGTAGTCTGTGACTTCCATGTCAAAATGTTGCACAAGCCAGTTGTCAGTGACAGTTGCCATCCCACACTGCTGTTCTCCTGTCATCCCTAGCCCCCA,ACTGGCAGCTATGGAATGTGCCTTTCCTAAGGAATTTGCTAATAGATGCCTAAGCCCA-GAAAGGGTGCTTCTTCAACTAAAATACAGGCAAGTTTAAAGCATTACATTACGTAATCATATACGGCAGTATGGTTAAGGTTTCTGTGTAGTCTGTGACTTCCATGTCAAAATGTTGCACAAGCCAGTTGTCAGTGACAGTTGCCATCCCACACTGCTGTTCTCCTGTCATCCCTAGCCCCCA,3,1,0,1.0,1.0,1.0,1.0,1.0,1.0,1.0,1,1,0.0,1.0,1,1.0,1.0,1.0,1.0,1.0,1.0,1.0,1.0,1.0,0.0,1.0,1.0
ACTGGCAGCTATGGAATGTGCCTTTCCTAAGGAATTTGCTAATAGATGCCTAAGCCCAGAAAGGGTGCTTCTTCAACTAAAAAATACAGGCAAGTTTAAAGCATTACATTACGTAATCATATACGGCAGTATGGTTAAGGTTTCTGTGTAGTCTGTGACTTCCATGTCAAAATGTTGCACAAGCCAGTTGTCAGTGACAGTTGCCATCCCACACTGCTGTTCTCCTGTCATCCCTAGCCCCCA,ACTGGCAGCTATGGAATGTGCCTTTCCTAAGGAATTTGCTAATAGATGCCTAAGCCCAGAAAGGGTGCTTCTTCAACTAAAA--TACAGGCAAGTTTAAAGCATTACATTACGTAATCATATACGGCAGTATGGTTAAGGTTTCTGTGTAGTCTGTGACTTCCATGTCAAAATGTTGCACAAGCCAGTTGTCAGTGACAGTTGCCATCCCACACTGCTGTTCTCCTGTCATCCCTAGCCCCCA,0,2,0,1.0,1.0,1.0,1.0,1.0,1.0,1.0,1,1,0.0,1.0,1,1.0,1.0,1.0,1.0,1.0,1.0,1.0,1.0,1.0,0.0,1.0,1.0
ACTGGCAGCTATGGAATGTGCCTTTCCTAAGGAATTTGCTAATAGATGCCTAAGCCCAAGAAAGGGTGCCTCTTCAGCTCAAATACAGGCAAGTTTAAAGCATTACATTACGTAATCATATACGGCAGTATGGTTAAGGTTTCTGTGTAGTCTGTGACTTCCATGTCAAAATGTTGCACAAGCCAGTTGTCAGTGACAGTTGCCATCCCACACTGCTGTTCTCCTGTCATCCCTAGCCCCCA,ACTGGCAGCTATGGAATGTGCCTTTCCTAAGGAATTTGCTAATAGATGCCTAAGCCCA-GAAAGGGTGCTTCTTCAACTAAAATACAGGCAAGTTTAAAGCATTACATTACGTAATCATATACGGCAGTATGGTTAAGGTTTCTGTGTAGTCTGTGACTTCCATGTCAAAATGTTGCACAAGCCAGTTGTCAGTGACAGTTGCCATCCCACACTGCTGTTCTCCTGTCATCCCTAGCCCCCA,0,1,0,1.0,1.0,1.0,1.0,1.0,1.0,1.0,1,1,0.0,1.0,1,1.0,1.0,1.0,1.0,1.0,1.0,1.0,1.0,1.0,0.0,1.0,1.0
ACTGGCAGCTATGGAATGTGCCTTTCCTAAGGAATTTGCTAATAGATGCCTAAGCCCAGAAAGGGTGTTTCTTCAGCTCAAATACAGGCAAGTTTAAAGCATTACATTACGTAATCATATACGGCAGTATGGTTAAGGTTTCTGTGTAGTCTGTGACTTCCATGTCAAAATGTTGCACAAGCCAGTTGTCAGTGACAGTTGCCATCCCACACTGCTGTTCTCCTGTCATCCCTAGCCCCA-,ACTGGCAGCTATGGAATGTGCCTTTCCTAAGGAATTTGCTAATAGATGCCTAAGCCCAGAAAGGGTGCTTCTTCAACTAAAATACAGGCAAGTTTAAAGCATTACATTACGTAATCATATACGGCAGTATGGTTAAGGTTTCTGTGTAGTCTGTGACTTCCATGTCAAAATGTTGCACAAGCCAGTTGTCAGTGACAGTTGCCATCCCACACTGCTGTTCTCCTGTCATCCCTAGCCCCCA,0,0,0,0.0,1.0,1.0,1.0,1.0,1.0,991.0,1,1,0.0,1.0,1,0.0,1.0,1.0,1.0,1.0,1.0,10.0,1.0,1.0,0.0,1.0,1.0
ACTGGCAGCTATGGAATGTGCCTTTCCTAAGGAATTTGCTAATAGATGCCTAAGCCCAGAAAGGGTGCTTCTTCAGCTCAAATACAGGCAAGTTTAAAGCATTACATTACGTAATCATATACGGCAGTATGGTTAAGGTTTCTGTGTAGTCTGTGACTTCCATGTCAAAATGTTGCACAAGCCAGTTGTCAGTGACAGTTGCCATCCCACACTGCTGTTCTCATGTCATCCCTAGCCCCCA,ACTGGCAGCTATGGAATGTGCCTTTCCTAAGGAATTTGCTAATAGATGCCTAAGCCCAGAAAGGGTGCTTCTTCAACTAAAATACAGGCAAGTTTAAAGCATTACATTACGTAATCATATACGGCAGTATGGTTAAGGTTTCTGTGTAGTCTGTGACTTCCATGTCAAAATGTTGCACAAGCCAGTTGTCAGTGACAGTTGCCATCCCACACTGCTGTTCTCCTGTCATCCCTAGCCCCCA,0,0,0,0.0,1.0,1.0,1.0,1.0,1.0,880.0,1,1,0.0,1.0,1,0.0,1.0,1.0,1.0,1.0,1.0,10.0,1.0,1.0,0.0,1.0,1.0
#NAME?,ACTGGCAGCTATGGAATGTGCCTTTCCTAAGGAATTTGCTAATAGATGCCTAAGCCCAGAAAGGGTGCTTCTTCAACTAAAATACAGGCAAGTTTAAAGCATTACATTACGTAATCATATACGGCAGTATGGTTAAGGTTTCTGTGTAGTCTGTGACTTCCATGTCAAAATGTTGCACAAGCCAGTTGTCAGTGACAGTTGCCATCCCACACTGCTGTTCTCCTGTCATCCCTAGCCCCCA,0,0,0,0.0,1.0,1.0,1.0,1.0,1.0,220.0,1,1,0.0,1.0,1,0.0,1.0,1.0,1.0,1.0,1.0,10.0,1.0,1.0,0.0,1.0,1.0
ACTGGCAGCTATGGAATGTGCCTTTCCTAAGGAATTTGCTAATAGATGCCTAAGCCCAGAAAGGGTGGCCCTTCAGCTCAAATACAGGCAAGTTTAAAGCATTACATTACGTAATCATATACGGCAGTATGGTTAAGGTTTCTGTGTAGTCTGTGACTTCCATGTCAAAATGTTGCACAAGCCAGTTGTCAGTGACAGTTGCCATCCCACACTGCTGTTCTCCTGTCATCCCTAGCCCCA-,ACTGGCAGCTATGGAATGTGCCTTTCCTAAGGAATTTGCTAATAGATGCCTAAGCCCAGAAAGGGTGCTTCTTCAACTAAAATACAGGCAAGTTTAAAGCATTACATTACGTAATCATATACGGCAGTATGGTTAAGGTTTCTGTGTAGTCTGTGACTTCCATGTCAAAATGTTGCACAAGCCAGTTGTCAGTGACAGTTGCCATCCCACACTGCTGTTCTCCTGTCATCCCTAGCCCCCA,0,0,0,0.0,1.0,1.0,1.0,1.0,1.0,0.0,1,1,0.0,1.0,1,0.0,1.0,1.0,1.0,1.0,1.0,0.0,1.0,1.0,0.0,1.0,1.0
ACTGGCAGCTATGGAATGTGCCTTTCCTAAGGAATTTGCTAATAGATGCCTAAGCCCCGAAAGGGCCCTTCTTCAGCTCAAATACAGGCAAGTTTAAAGCATTACATTACGTAATCATATACGGCAGTATGGTTAAGGTTTCTGTGTAGTCTGTGACTTCCATGTCAAAATGTTGCACAAGCCAGTTGTCAGTGACAGTTGCCATCCCACACTGCTGTTCTCCTGTCATCCCTAGCCCCCA,ACTGGCAGCTATGGAATGTGCCTTTCCTAAGGAATTTGCTAATAGATGCCTAAGCCCAGAAAGGGTGCTTCTTCAACTAAAATACAGGCAAGTTTAAAGCATTACATTACGTAATCATATACGGCAGTATGGTTAAGGTTTCTGTGTAGTCTGTGACTTCCATGTCAAAATGTTGCACAAGCCAGTTGTCAGTGACAGTTGCCATCCCACACTGCTGTTCTCCTGTCATCCCTAGCCCCCA,0,0,1,0.0,1.0,1.0,1.0,1.0,1.0,0.0,1,1,0.0,1.0,1,0.0,1.0,1.0,1.0,1.0,1.0,0.0,1.0,1.0,0.0,1.0,1.0
ACTGGCAGCTATGGAATGTGCCTTTCCTAAGGAATTTGCTAATAGATGCCTAAGCCCTGAAAGGGTGCTTCTTGCCCTCAAATACAGGCAAGTTTAAAGCATTACATTACGTAATCATATACGGCAGTATGGTTAAGGTTTCTGTGTAGTCTGTGACTTCCATGTCAAAATGTTGCACAAGCCAGTTGTCAGTGACAGTTGCCATCCCACACTGCTGTTCTCCTGTCATCCCTAGCCCCCA,ACTGGCAGCTATGGAATGTGCCTTTCCTAAGGAATTTGCTAATAGATGCCTAAGCCCAGAAAGGGTGCTTCTTCAACTAAAATACAGGCAAGTTTAAAGCATTACATTACGTAATCATATACGGCAGTATGGTTAAGGTTTCTGTGTAGTCTGTGACTTCCATGTCAAAATGTTGCACAAGCCAGTTGTCAGTGACAGTTGCCATCCCACACTGCTGTTCTCCTGTCATCCCTAGCCCCCA,0,0,1,0.0,1.0,1.0,1.0,1.0,1.0,0.0,1,1,0.0,1.0,1,0.0,1.0,1.0,1.0,1.0,1.0,0.0,1.0,1.0,0.0,1.0,1.0
ACTGGCAGCTATGGAATGTGCCTTTCCTAAGGAATTTGCTAATAGATGCCTAAGCCCTGAAAGGGTGCTGCTTCAGCTCAAATACAGGCAAGTTTAAAGCATTACATTACGTAATCATATACGGCAGTATGGTTAAGGTTTCTGTGTAGTCTGTGACTTCCATGTCAAAATGTTGCACAAGCCAGTTGTCAGTGACAGTTGCCATCCCACACTGCTGTTCTCCTGTCATCCCTAGCCCCCA,ACTGGCAGCTATGGAATGTGCCTTTCCTAAGGAATTTGCTAATAGATGCCTAAGCCCAGAAAGGGTGCTTCTTCAACTAAAATACAGGCAAGTTTAAAGCATTACATTACGTAATCATATACGGCAGTATGGTTAAGGTTTCTGTGTAGTCTGTGACTTCCATGTCAAAATGTTGCACAAGCCAGTTGTCAGTGACAGTTGCCATCCCACACTGCTGTTCTCCTGTCATCCCTAGCCCCCA,0,0,1,0.0,1.0,1.0,1.0,1.0,1.0,0.0,1,1,0.0,1.0,1,0.0,1.0,1.0,1.0,1.0,1.0,0.0,1.0,1.0,0.0,1.0,1.0
ACTGGCAGCTATGGAATGTGCCTTTCCTAAGGAATTTGCTAATAGATGCCTAAGCCC-----------TTCTTCAGCTCAAATACAGGCAAGTTTAAAGCATTACATTACGTAATCATATACGGCAGTATGGTTAAGGTTTCTGTGTAGTCTGTGACTTCCATGTCAAAATGTTGCACAAGCCAGTTGTCAGTGACAGTTGCCATCCCACACTGCTGTTCTCCTGTCATCCCTAGCCCCCA,ACTGGCAGCTATGGAATGTGCCTTTCCTAAGGAATTTGCTAATAGATGCCTAAGCCCAGAAAGGGTGCTTCTTCAACTAAAATACAGGCAAGTTTAAAGCATTACATTACGTAATCATATACGGCAGTATGGTTAAGGTTTCTGTGTAGTCTGTGACTTCCATGTCAAAATGTTGCACAAGCCAGTTGTCAGTGACAGTTGCCATCCCACACTGCTGTTCTCCTGTCATCCCTAGCCCCCA,11,0,0,0.0,1.0,1.0,1.0,1.0,1.0,0.0,1,1,0.0,1.0,1,0.0,1.0,1.0,1.0,1.0,1.0,0.0,1.0,1.0,0.0,1.0,1.0
ACTGGCAGCTATGGAATGTGCCTTTCCTAAGGAATTTGCTAATAGATGCCTAAGCCCCAGAAAGGGTGCTTCTTCAACTAAAATACAGGCAAGTTTAAAGCATTACATTACGTAATCATATACGGCAGTATGGTTAAGGTTTCTGTGTAGTCTGTGACTTCCATGTCAAAATGTTGCACAAGCCAGTTGTCAGTGACAGTTGCCATCCCACACTGCTGTTCTCCTGTCATCCCTAGCCCCCA,ACTGGCAGCTATGGAATGTGCCTTTCCTAAGGAATTTGCTAATAGATGCCTAAGCCC-AGAAAGGGTGCTTCTTCAACTAAAATACAGGCAAGTTTAAAGCATTACATTACGTAATCATATACGGCAGTATGGTTAAGGTTTCTGTGTAGTCTGTGACTTCCATGTCAAAATGTTGCACAAGCCAGTTGTCAGTGACAGTTGCCATCCCACACTGCTGTTCTCCTGTCATCCCTAGCCCCCA,0,0,0,0.0,1.0,1.0,1.0,1.0,1.0,0.0,1,1,0.0,1.0,1,0.0,1.0,1.0,1.0,1.0,1.0,0.0,1.0,1.0,0.0,1.0,1.0
ACTGGCAGCTATGGAATGTGCCTTTCCTAAGGAATTTGCTAATAGATGCCTAAG---------GGTGCTTCTTCAACTAAAAATACAGGCAAGTTTAAAGCATTACATTACGTAATCATATACGGCAGTATGGTTAAGGTTTCTGTGTAGTCTGTGACTTCCATGTCAAAATGTTGCACAAGCCAGTTGTCAGTGACAGTTGCCATCCCACACTGCTGTTCTCCTGTCATCCCTAGCCCCCA,ACTGGCAGCTATGGAATGTGCCTTTCCTAAGGAATTTGCTAATAGATGCCTAAGCCCAGAAAGGGTGCTTCTTCAACTAAAA-TACAGGCAAGTTTAAAGCATTACATTACGTAATCATATACGGCAGTATGGTTAAGGTTTCTGTGTAGTCTGTGACTTCCATGTCAAAATGTTGCACAAGCCAGTTGTCAGTGACAGTTGCCATCCCACACTGCTGTTCTCCTGTCATCCCTAGCCCCCA,9,1,0,0.0,1.0,1.0,1.0,1.0,1.0,0.0,1,1,0.0,1.0,1,0.0,1.0,1.0,1.0,1.0,1.0,0.0,1.0,1.0,0.0,1.0,1.0
ACTGGCAGCTATGGAATGTGCCTTTCCTAAGGAATTTGCTAATAGATGCCTAAGCCCAGAAAGGGTGCTTCTTCAACTAAACTACAGGCAAGTTTAAAGCATTACATTACGTAATCATATACGGCAGTATGGTTAAGGTTTCTGTGTAGTCTGTGACTTCCATGTCAAAATGTTGCACAAGCCAGTTGTCAGTGACAGTTGCCATCCCACACTGCTGTTCTCCTGTCATCCCTAGCCCCCA,ACTGGCAGCTATGGAATGTGCCTTTCCTAAGGAATTTGCTAATAGATGCCTAAGCCCAGAAAGGGTGCTTCTTCAACTAAAATACAGGCAAGTTTAAAGCATTACATTACGTAATCATATACGGCAGTATGGTTAAGGTTTCTGTGTAGTCTGTGACTTCCATGTCAAAATGTTGCACAAGCCAGTTGTCAGTGACAGTTGCCATCCCACACTGCTGTTCTCCTGTCATCCCTAGCCCCCA,0,0,1,0.0,0.0,0.0,0.0,0.0,0.0,0.0,888,700,0.0,0.0,440,0.0,0.0,0.0,0.0,0.0,0.0,0.0,0.0,0.0,0.0,0.0,0.0
ACTGGCAGCTATGGAATGTGCCTTTCCTAAGGAATTTGCTAATAGATGCCTAAGCCCAGAAAGGGTGCTTCTTCAACTAAAATACAGGCAAGTTTAAAGCATTACATTACGTAATCATATACGGCAGTATGGTTAAGGTTTCTGTGTAGTCTGTGACTTCCATGTCAAAATGTTGCACAAGCCAGTTGTCAGTGACAGTTGTCATCCCACACTGCTGTTCTCCTGTCATCCCTAGCCCCCA,ACTGGCAGCTATGGAATGTGCCTTTCCTAAGGAATTTGCTAATAGATGCCTAAGCCCAGAAAGGGTGCTTCTTCAACTAAAATACAGGCAAGTTTAAAGCATTACATTACGTAATCATATACGGCAGTATGGTTAAGGTTTCTGTGTAGTCTGTGACTTCCATGTCAAAATGTTGCACAAGCCAGTTGTCAGTGACAGTTGCCATCCCACACTGCTGTTCTCCTGTCATCCCTAGCCCCCA,0,0,0,0.0,0.0,0.0,0.0,0.0,0.0,0.0,600,66,0.0,0.0,200,0.0,0.0,0.0,0.0,0.0,0.0,0.0,0.0,0.0,0.0,0.0,0.0
ACTGGCAGCTATGGAATGTGCCTTTCCTAAGGAATTTGCTAATAGATGCCTAAGCCCAGAAAGGGTGCTTCTTCAGCTAAAATACAGGCAAGTTTAAAGCATTACATTACGTAATCATATACGGCAGTATGGTTAAGGTTTCTGTGTAGTCTGTGACTTCCATGTCAAAATGTTGCACAAGCCAGTTGTCAGTGACAGTTGCCATCCCACACTGCTGTTCTCCTGTCATCCCTAGCCCCCA,ACTGGCAGCTATGGAATGTGCCTTTCCTAAGGAATTTGCTAATAGATGCCTAAGCCCAGAAAGGGTGCTTCTTCAACTAAAATACAGGCAAGTTTAAAGCATTACATTACGTAATCATATACGGCAGTATGGTTAAGGTTTCTGTGTAGTCTGTGACTTCCATGTCAAAATGTTGCACAAGCCAGTTGTCAGTGACAGTTGCCATCCCACACTGCTGTTCTCCTGTCATCCCTAGCCCCCA,0,0,0,0.0,0.0,0.0,0.0,0.0,0.0,0.0,100,300,0.0,0.0,190,0.0,0.0,0.0,0.0,0.0,0.0,0.0,0.0,0.0,0.0,0.0,0.0
